benchmark_id,method,dataset,frequency,feature_id,variable,seed,context_length,prediction_length,test_windows,mse,mae,source
benchmark_v1,tsrag,ETTh1,1 hour,0,HUFL,2021,512,64,2817,0.7254727167792467,0.5251866184706632,TSRAG_ChronosBolt_variable_metrics.xlsx
benchmark_v1,chronos_bolt,ETTh1,1 hour,0,HUFL,2021,512,64,2817,0.7335318893664984,0.5233512516452524,TSRAG_ChronosBolt_variable_metrics.xlsx
benchmark_v1,tsrag,ETTh1,1 hour,1,HULL,2021,512,64,2817,0.2039727326879264,0.3310424065099018,TSRAG_ChronosBolt_variable_metrics.xlsx
benchmark_v1,chronos_bolt,ETTh1,1 hour,1,HULL,2021,512,64,2817,0.20505227770803136,0.3320327186609863,TSRAG_ChronosBolt_variable_metrics.xlsx
benchmark_v1,tsrag,ETTh1,1 hour,2,MUFL,2021,512,64,2817,0.7455451604696953,0.5135414132972029,TSRAG_ChronosBolt_variable_metrics.xlsx
benchmark_v1,chronos_bolt,ETTh1,1 hour,2,MUFL,2021,512,64,2817,0.7545229089510834,0.5117977501167911,TSRAG_ChronosBolt_variable_metrics.xlsx
benchmark_v1,tsrag,ETTh1,1 hour,3,MULL,2021,512,64,2817,0.16566483481705485,0.2882486459979953,TSRAG_ChronosBolt_variable_metrics.xlsx
benchmark_v1,chronos_bolt,ETTh1,1 hour,3,MULL,2021,512,64,2817,0.16695483834943928,0.28964695023398557,TSRAG_ChronosBolt_variable_metrics.xlsx
benchmark_v1,tsrag,ETTh1,1 hour,4,LUFL,2021,512,64,2817,0.4937654606492798,0.46656469783865057,TSRAG_ChronosBolt_variable_metrics.xlsx
benchmark_v1,chronos_bolt,ETTh1,1 hour,4,LUFL,2021,512,64,2817,0.508181981705354,0.4726516324967241,TSRAG_ChronosBolt_variable_metrics.xlsx
benchmark_v1,tsrag,ETTh1,1 hour,5,LULL,2021,512,64,2817,0.10816887534978274,0.24909332186845884,TSRAG_ChronosBolt_variable_metrics.xlsx
benchmark_v1,chronos_bolt,ETTh1,1 hour,5,LULL,2021,512,64,2817,0.10929661689863074,0.25032416005897573,TSRAG_ChronosBolt_variable_metrics.xlsx
benchmark_v1,tsrag,ETTh1,1 hour,6,OT,2021,512,64,2817,0.04655597263173176,0.16253215392980755,TSRAG_ChronosBolt_variable_metrics.xlsx
benchmark_v1,chronos_bolt,ETTh1,1 hour,6,OT,2021,512,64,2817,0.05308917419254954,0.17487851326130027,TSRAG_ChronosBolt_variable_metrics.xlsx
benchmark_v1,tsrag,ETTh2,1 hour,0,HUFL,2021,512,64,2817,0.41537888588520666,0.4423784226374843,TSRAG_ChronosBolt_variable_metrics.xlsx
benchmark_v1,chronos_bolt,ETTh2,1 hour,0,HUFL,2021,512,64,2817,0.4251182303136763,0.44393256443652185,TSRAG_ChronosBolt_variable_metrics.xlsx
benchmark_v1,tsrag,ETTh2,1 hour,1,HULL,2021,512,64,2817,0.2862228718265371,0.28742961386958565,TSRAG_ChronosBolt_variable_metrics.xlsx
benchmark_v1,chronos_bolt,ETTh2,1 hour,1,HULL,2021,512,64,2817,0.29368031962923496,0.2830356969797298,TSRAG_ChronosBolt_variable_metrics.xlsx
benchmark_v1,tsrag,ETTh2,1 hour,2,MUFL,2021,512,64,2817,0.13503268282869774,0.2423711123039505,TSRAG_ChronosBolt_variable_metrics.xlsx
benchmark_v1,chronos_bolt,ETTh2,1 hour,2,MUFL,2021,512,64,2817,0.14261909903737593,0.24658798172482793,TSRAG_ChronosBolt_variable_metrics.xlsx
benchmark_v1,tsrag,ETTh2,1 hour,3,MULL,2021,512,64,2817,0.5916579293194903,0.5621279142228348,TSRAG_ChronosBolt_variable_metrics.xlsx
benchmark_v1,chronos_bolt,ETTh2,1 hour,3,MULL,2021,512,64,2817,0.6113180303334512,0.5670656526516125,TSRAG_ChronosBolt_variable_metrics.xlsx
benchmark_v1,tsrag,ETTh2,1 hour,4,LUFL,2021,512,64,2817,0.18747036182776194,0.2594201066311387,TSRAG_ChronosBolt_variable_metrics.xlsx
benchmark_v1,chronos_bolt,ETTh2,1 hour,4,LUFL,2021,512,64,2817,0.18704878491966764,0.2598860896634514,TSRAG_ChronosBolt_variable_metrics.xlsx
benchmark_v1,tsrag,ETTh2,1 hour,5,LULL,2021,512,64,2817,0.008652460171278298,0.06709292821547616,TSRAG_ChronosBolt_variable_metrics.xlsx
benchmark_v1,chronos_bolt,ETTh2,1 hour,5,LULL,2021,512,64,2817,0.008798466621723951,0.0664684538038353,TSRAG_ChronosBolt_variable_metrics.xlsx
benchmark_v1,tsrag,ETTh2,1 hour,6,OT,2021,512,64,2817,0.09111379454309768,0.22595391171777082,TSRAG_ChronosBolt_variable_metrics.xlsx
benchmark_v1,chronos_bolt,ETTh2,1 hour,6,OT,2021,512,64,2817,0.09257160178026966,0.22722186618820123,TSRAG_ChronosBolt_variable_metrics.xlsx
benchmark_v1,tsrag,ETTm1,15 minutes,0,HUFL,2021,512,64,11457,0.5937418112998063,0.4445334081957064,TSRAG_ChronosBolt_variable_metrics.xlsx
benchmark_v1,chronos_bolt,ETTm1,15 minutes,0,HUFL,2021,512,64,11457,0.6297611392189627,0.45273649637129143,TSRAG_ChronosBolt_variable_metrics.xlsx
benchmark_v1,tsrag,ETTm1,15 minutes,1,HULL,2021,512,64,11457,0.16752508605738597,0.2982723466890056,TSRAG_ChronosBolt_variable_metrics.xlsx
benchmark_v1,chronos_bolt,ETTm1,15 minutes,1,HULL,2021,512,64,11457,0.17219675799777773,0.30179799124214823,TSRAG_ChronosBolt_variable_metrics.xlsx
benchmark_v1,tsrag,ETTm1,15 minutes,2,MUFL,2021,512,64,11457,0.6075801393912159,0.4336741453520658,TSRAG_ChronosBolt_variable_metrics.xlsx
benchmark_v1,chronos_bolt,ETTm1,15 minutes,2,MUFL,2021,512,64,11457,0.6395742788511252,0.4396555600610637,TSRAG_ChronosBolt_variable_metrics.xlsx
benchmark_v1,tsrag,ETTm1,15 minutes,3,MULL,2021,512,64,11457,0.13994141243007355,0.2630767661780951,TSRAG_ChronosBolt_variable_metrics.xlsx
benchmark_v1,chronos_bolt,ETTm1,15 minutes,3,MULL,2021,512,64,11457,0.1434895767613282,0.26438482597429963,TSRAG_ChronosBolt_variable_metrics.xlsx
benchmark_v1,tsrag,ETTm1,15 minutes,4,LUFL,2021,512,64,11457,0.4048027118275418,0.40376392451684867,TSRAG_ChronosBolt_variable_metrics.xlsx
benchmark_v1,chronos_bolt,ETTm1,15 minutes,4,LUFL,2021,512,64,11457,0.4652271370038158,0.4278329902162641,TSRAG_ChronosBolt_variable_metrics.xlsx
benchmark_v1,tsrag,ETTm1,15 minutes,5,LULL,2021,512,64,11457,0.096692935860327,0.2256350042398421,TSRAG_ChronosBolt_variable_metrics.xlsx
benchmark_v1,chronos_bolt,ETTm1,15 minutes,5,LULL,2021,512,64,11457,0.1012288250403502,0.2295824286514194,TSRAG_ChronosBolt_variable_metrics.xlsx
benchmark_v1,tsrag,ETTm1,15 minutes,6,OT,2021,512,64,11457,0.022318242693939408,0.11007507420127498,TSRAG_ChronosBolt_variable_metrics.xlsx
benchmark_v1,chronos_bolt,ETTm1,15 minutes,6,OT,2021,512,64,11457,0.02316945242848145,0.11216282297813128,TSRAG_ChronosBolt_variable_metrics.xlsx
benchmark_v1,tsrag,ETTm2,15 minutes,0,HUFL,2021,512,64,11457,0.221538338585524,0.3134139489482978,TSRAG_ChronosBolt_variable_metrics.xlsx
benchmark_v1,chronos_bolt,ETTm2,15 minutes,0,HUFL,2021,512,64,11457,0.2257169667809247,0.3150597099756824,TSRAG_ChronosBolt_variable_metrics.xlsx
benchmark_v1,tsrag,ETTm2,15 minutes,1,HULL,2021,512,64,11457,0.20419614361840646,0.22127581673796298,TSRAG_ChronosBolt_variable_metrics.xlsx
benchmark_v1,chronos_bolt,ETTm2,15 minutes,1,HULL,2021,512,64,11457,0.21149918554329997,0.21809026376281102,TSRAG_ChronosBolt_variable_metrics.xlsx
benchmark_v1,tsrag,ETTm2,15 minutes,2,MUFL,2021,512,64,11457,0.07502146360011698,0.17845610108565024,TSRAG_ChronosBolt_variable_metrics.xlsx
benchmark_v1,chronos_bolt,ETTm2,15 minutes,2,MUFL,2021,512,64,11457,0.07709915807644718,0.17990869268914153,TSRAG_ChronosBolt_variable_metrics.xlsx
benchmark_v1,tsrag,ETTm2,15 minutes,3,MULL,2021,512,64,11457,0.37097010043427103,0.4373938990767437,TSRAG_ChronosBolt_variable_metrics.xlsx
benchmark_v1,chronos_bolt,ETTm2,15 minutes,3,MULL,2021,512,64,11457,0.36632411637329404,0.433063232223107,TSRAG_ChronosBolt_variable_metrics.xlsx
benchmark_v1,tsrag,ETTm2,15 minutes,4,LUFL,2021,512,64,11457,0.09040808146641857,0.196680215699082,TSRAG_ChronosBolt_variable_metrics.xlsx
benchmark_v1,chronos_bolt,ETTm2,15 minutes,4,LUFL,2021,512,64,11457,0.08971878914787626,0.19579232809614,TSRAG_ChronosBolt_variable_metrics.xlsx
benchmark_v1,tsrag,ETTm2,15 minutes,5,LULL,2021,512,64,11457,0.005638971063929527,0.04945479991817671,TSRAG_ChronosBolt_variable_metrics.xlsx
benchmark_v1,chronos_bolt,ETTm2,15 minutes,5,LULL,2021,512,64,11457,0.005894613614223439,0.04963623677844022,TSRAG_ChronosBolt_variable_metrics.xlsx
benchmark_v1,tsrag,ETTm2,15 minutes,6,OT,2021,512,64,11457,0.05741409169326102,0.16445153383535688,TSRAG_ChronosBolt_variable_metrics.xlsx
benchmark_v1,chronos_bolt,ETTm2,15 minutes,6,OT,2021,512,64,11457,0.0636706457247757,0.17319580487548614,TSRAG_ChronosBolt_variable_metrics.xlsx
benchmark_v1,tsrag,weather,10 minutes,0,p (mbar),2021,512,64,10476,0.05077176123152783,0.1541753415707833,TSRAG_ChronosBolt_variable_metrics.xlsx
benchmark_v1,chronos_bolt,weather,10 minutes,0,p (mbar),2021,512,64,10476,0.05000762507888159,0.15231742021100012,TSRAG_ChronosBolt_variable_metrics.xlsx
benchmark_v1,tsrag,weather,10 minutes,1,T (degC),2021,512,64,10476,0.09710147201676751,0.2073115050994854,TSRAG_ChronosBolt_variable_metrics.xlsx
benchmark_v1,chronos_bolt,weather,10 minutes,1,T (degC),2021,512,64,10476,0.09975111398855618,0.21008531545843956,TSRAG_ChronosBolt_variable_metrics.xlsx
benchmark_v1,tsrag,weather,10 minutes,2,Tpot (K),2021,512,64,10476,0.09160524092378408,0.20249138263869587,TSRAG_ChronosBolt_variable_metrics.xlsx
benchmark_v1,chronos_bolt,weather,10 minutes,2,Tpot (K),2021,512,64,10476,0.09930942406023602,0.209115338905239,TSRAG_ChronosBolt_variable_metrics.xlsx
benchmark_v1,tsrag,weather,10 minutes,3,Tdew (degC),2021,512,64,10476,0.05691976335850306,0.16850651882012077,TSRAG_ChronosBolt_variable_metrics.xlsx
benchmark_v1,chronos_bolt,weather,10 minutes,3,Tdew (degC),2021,512,64,10476,0.056769703447962394,0.16756786508124738,TSRAG_ChronosBolt_variable_metrics.xlsx
benchmark_v1,tsrag,weather,10 minutes,4,rh (%),2021,512,64,10476,0.2241269604064478,0.3396527059335345,TSRAG_ChronosBolt_variable_metrics.xlsx
benchmark_v1,chronos_bolt,weather,10 minutes,4,rh (%),2021,512,64,10476,0.2213518308435311,0.33059261926211936,TSRAG_ChronosBolt_variable_metrics.xlsx
benchmark_v1,tsrag,weather,10 minutes,5,VPmax (mbar),2021,512,64,10476,0.04554787982751332,0.1357317534994114,TSRAG_ChronosBolt_variable_metrics.xlsx
benchmark_v1,chronos_bolt,weather,10 minutes,5,VPmax (mbar),2021,512,64,10476,0.048489969285235045,0.14015315946141943,TSRAG_ChronosBolt_variable_metrics.xlsx
benchmark_v1,tsrag,weather,10 minutes,6,VPact (mbar),2021,512,64,10476,0.042271128123474985,0.14046175404663017,TSRAG_ChronosBolt_variable_metrics.xlsx
benchmark_v1,chronos_bolt,weather,10 minutes,6,VPact (mbar),2021,512,64,10476,0.04224715187257204,0.14003246041930822,TSRAG_ChronosBolt_variable_metrics.xlsx
benchmark_v1,tsrag,weather,10 minutes,7,VPdef (mbar),2021,512,64,10476,0.04979206252041951,0.1432851778451601,TSRAG_ChronosBolt_variable_metrics.xlsx
benchmark_v1,chronos_bolt,weather,10 minutes,7,VPdef (mbar),2021,512,64,10476,0.05812577817752936,0.14600899854302263,TSRAG_ChronosBolt_variable_metrics.xlsx
benchmark_v1,tsrag,weather,10 minutes,8,sh (g/kg),2021,512,64,10476,0.04190662084724493,0.13957848929049416,TSRAG_ChronosBolt_variable_metrics.xlsx
benchmark_v1,chronos_bolt,weather,10 minutes,8,sh (g/kg),2021,512,64,10476,0.04181853694099715,0.1390550502152945,TSRAG_ChronosBolt_variable_metrics.xlsx
benchmark_v1,tsrag,weather,10 minutes,9,H2OC (mmol/mol),2021,512,64,10476,0.04204760023381613,0.13982667671699672,TSRAG_ChronosBolt_variable_metrics.xlsx
benchmark_v1,chronos_bolt,weather,10 minutes,9,H2OC (mmol/mol),2021,512,64,10476,0.04195134308633801,0.13931934727679793,TSRAG_ChronosBolt_variable_metrics.xlsx
benchmark_v1,tsrag,weather,10 minutes,10,rho (g/m**3),2021,512,64,10476,0.09476613378555532,0.2077578587640495,TSRAG_ChronosBolt_variable_metrics.xlsx
benchmark_v1,chronos_bolt,weather,10 minutes,10,rho (g/m**3),2021,512,64,10476,0.09525804796680225,0.2050697053528386,TSRAG_ChronosBolt_variable_metrics.xlsx
benchmark_v1,tsrag,weather,10 minutes,11,wv (m/s),2021,512,64,10476,0.0006110169740033463,0.017903235000284384,TSRAG_ChronosBolt_variable_metrics.xlsx
benchmark_v1,chronos_bolt,weather,10 minutes,11,wv (m/s),2021,512,64,10476,0.000667573407909816,0.018667832879213926,TSRAG_ChronosBolt_variable_metrics.xlsx
benchmark_v1,tsrag,weather,10 minutes,12,max. wv (m/s),2021,512,64,10476,0.4803583838620606,0.49594237310964784,TSRAG_ChronosBolt_variable_metrics.xlsx
benchmark_v1,chronos_bolt,weather,10 minutes,12,max. wv (m/s),2021,512,64,10476,0.505090925445938,0.509145567921901,TSRAG_ChronosBolt_variable_metrics.xlsx
benchmark_v1,tsrag,weather,10 minutes,13,wd (deg),2021,512,64,10476,0.3575026305728562,0.37648325706801883,TSRAG_ChronosBolt_variable_metrics.xlsx
benchmark_v1,chronos_bolt,weather,10 minutes,13,wd (deg),2021,512,64,10476,0.36726131620314156,0.3782853916544878,TSRAG_ChronosBolt_variable_metrics.xlsx
benchmark_v1,tsrag,weather,10 minutes,14,rain (mm),2021,512,64,10476,0.049790437525384985,0.029167185236066286,TSRAG_ChronosBolt_variable_metrics.xlsx
benchmark_v1,chronos_bolt,weather,10 minutes,14,rain (mm),2021,512,64,10476,0.050295590088001274,0.029513089223553255,TSRAG_ChronosBolt_variable_metrics.xlsx
benchmark_v1,tsrag,weather,10 minutes,15,raining (s),2021,512,64,10476,1.0410900106323497,0.2421541413759328,TSRAG_ChronosBolt_variable_metrics.xlsx
benchmark_v1,chronos_bolt,weather,10 minutes,15,raining (s),2021,512,64,10476,1.0527809266012724,0.24346780949915856,TSRAG_ChronosBolt_variable_metrics.xlsx
benchmark_v1,tsrag,weather,10 minutes,16,SWDR (W/m²),2021,512,64,10476,0.07904432803652454,0.1316027212072784,TSRAG_ChronosBolt_variable_metrics.xlsx
benchmark_v1,chronos_bolt,weather,10 minutes,16,SWDR (W/m²),2021,512,64,10476,0.10690569403665737,0.16172364179688425,TSRAG_ChronosBolt_variable_metrics.xlsx
benchmark_v1,tsrag,weather,10 minutes,17,PAR (µmol/m²/s),2021,512,64,10476,0.07140398060707445,0.12540589958692838,TSRAG_ChronosBolt_variable_metrics.xlsx
benchmark_v1,chronos_bolt,weather,10 minutes,17,PAR (µmol/m²/s),2021,512,64,10476,0.0988407164061802,0.15678044486365594,TSRAG_ChronosBolt_variable_metrics.xlsx
benchmark_v1,tsrag,weather,10 minutes,18,max. PAR (µmol/m²/s),2021,512,64,10476,0.05298289444018459,0.10609406516162263,TSRAG_ChronosBolt_variable_metrics.xlsx
benchmark_v1,chronos_bolt,weather,10 minutes,18,max. PAR (µmol/m²/s),2021,512,64,10476,0.07258934571023694,0.13245129357396124,TSRAG_ChronosBolt_variable_metrics.xlsx
benchmark_v1,tsrag,weather,10 minutes,19,Tlog (degC),2021,512,64,10476,0.08189080018386213,0.19551649977730068,TSRAG_ChronosBolt_variable_metrics.xlsx
benchmark_v1,chronos_bolt,weather,10 minutes,19,Tlog (degC),2021,512,64,10476,0.09004570583863243,0.2028437356598627,TSRAG_ChronosBolt_variable_metrics.xlsx
benchmark_v1,tsrag,weather,10 minutes,20,OT,2021,512,64,10476,0.0007680142473111847,0.018991153725088118,TSRAG_ChronosBolt_variable_metrics.xlsx
benchmark_v1,chronos_bolt,weather,10 minutes,20,OT,2021,512,64,10476,0.0007746127693087137,0.019146348733322747,TSRAG_ChronosBolt_variable_metrics.xlsx
benchmark_v1,tsrag,electricity,1 hour,0,0,2021,512,64,5197,0.3423514116812565,0.24841067893547072,TSRAG_ChronosBolt_variable_metrics.xlsx
benchmark_v1,chronos_bolt,electricity,1 hour,0,0,2021,512,64,5197,0.35118072626464714,0.24921358296959842,TSRAG_ChronosBolt_variable_metrics.xlsx
benchmark_v1,tsrag,electricity,1 hour,1,1,2021,512,64,5197,0.11309490626620884,0.18798801407421556,TSRAG_ChronosBolt_variable_metrics.xlsx
benchmark_v1,chronos_bolt,electricity,1 hour,1,1,2021,512,64,5197,0.12939453933379752,0.19211290396960717,TSRAG_ChronosBolt_variable_metrics.xlsx
benchmark_v1,tsrag,electricity,1 hour,2,2,2021,512,64,5197,0.00022972242494516515,0.0070281664014567955,TSRAG_ChronosBolt_variable_metrics.xlsx
benchmark_v1,chronos_bolt,electricity,1 hour,2,2,2021,512,64,5197,0.0002622977851874672,0.007203087558848355,TSRAG_ChronosBolt_variable_metrics.xlsx
benchmark_v1,tsrag,electricity,1 hour,3,3,2021,512,64,5197,0.07534418065134599,0.19727366991242193,TSRAG_ChronosBolt_variable_metrics.xlsx
benchmark_v1,chronos_bolt,electricity,1 hour,3,3,2021,512,64,5197,0.0760629057077082,0.19811490758442066,TSRAG_ChronosBolt_variable_metrics.xlsx
benchmark_v1,tsrag,electricity,1 hour,4,4,2021,512,64,5197,0.1778910071143731,0.3060182004490334,TSRAG_ChronosBolt_variable_metrics.xlsx
benchmark_v1,chronos_bolt,electricity,1 hour,4,4,2021,512,64,5197,0.17925021204253744,0.30762520834032286,TSRAG_ChronosBolt_variable_metrics.xlsx
benchmark_v1,tsrag,electricity,1 hour,5,5,2021,512,64,5197,0.07088320346738035,0.1920094291106288,TSRAG_ChronosBolt_variable_metrics.xlsx
benchmark_v1,chronos_bolt,electricity,1 hour,5,5,2021,512,64,5197,0.07145798585632282,0.1924879879522076,TSRAG_ChronosBolt_variable_metrics.xlsx
benchmark_v1,tsrag,electricity,1 hour,6,6,2021,512,64,5197,0.523191100179123,0.3266413876396522,TSRAG_ChronosBolt_variable_metrics.xlsx
benchmark_v1,chronos_bolt,electricity,1 hour,6,6,2021,512,64,5197,0.5620730087330501,0.33341354474838203,TSRAG_ChronosBolt_variable_metrics.xlsx
benchmark_v1,tsrag,electricity,1 hour,7,7,2021,512,64,5197,0.1184948976234975,0.2428966546078152,TSRAG_ChronosBolt_variable_metrics.xlsx
benchmark_v1,chronos_bolt,electricity,1 hour,7,7,2021,512,64,5197,0.11988356552927774,0.24406400146147414,TSRAG_ChronosBolt_variable_metrics.xlsx
benchmark_v1,tsrag,electricity,1 hour,8,8,2021,512,64,5197,0.15578454274885617,0.28284869753060854,TSRAG_ChronosBolt_variable_metrics.xlsx
benchmark_v1,chronos_bolt,electricity,1 hour,8,8,2021,512,64,5197,0.15719284221267607,0.283148929542685,TSRAG_ChronosBolt_variable_metrics.xlsx
benchmark_v1,tsrag,electricity,1 hour,9,9,2021,512,64,5197,0.39992599533639644,0.4098518668633253,TSRAG_ChronosBolt_variable_metrics.xlsx
benchmark_v1,chronos_bolt,electricity,1 hour,9,9,2021,512,64,5197,0.4050018443265987,0.4113104496784157,TSRAG_ChronosBolt_variable_metrics.xlsx
benchmark_v1,tsrag,electricity,1 hour,10,10,2021,512,64,5197,0.10527722018077175,0.23533476894294525,TSRAG_ChronosBolt_variable_metrics.xlsx
benchmark_v1,chronos_bolt,electricity,1 hour,10,10,2021,512,64,5197,0.10596115174542912,0.23564540422063665,TSRAG_ChronosBolt_variable_metrics.xlsx
benchmark_v1,tsrag,electricity,1 hour,11,11,2021,512,64,5197,0.14321518233983171,0.2218329289715543,TSRAG_ChronosBolt_variable_metrics.xlsx
benchmark_v1,chronos_bolt,electricity,1 hour,11,11,2021,512,64,5197,0.14365484887274935,0.2219556949535241,TSRAG_ChronosBolt_variable_metrics.xlsx
benchmark_v1,tsrag,electricity,1 hour,12,12,2021,512,64,5197,0.06501443946186782,0.16577600257652916,TSRAG_ChronosBolt_variable_metrics.xlsx
benchmark_v1,chronos_bolt,electricity,1 hour,12,12,2021,512,64,5197,0.06524262045848271,0.16571737258439342,TSRAG_ChronosBolt_variable_metrics.xlsx
benchmark_v1,tsrag,electricity,1 hour,13,13,2021,512,64,5197,0.1243766798828301,0.2270465068388655,TSRAG_ChronosBolt_variable_metrics.xlsx
benchmark_v1,chronos_bolt,electricity,1 hour,13,13,2021,512,64,5197,0.12579731532147276,0.22796461290640627,TSRAG_ChronosBolt_variable_metrics.xlsx
benchmark_v1,tsrag,electricity,1 hour,14,14,2021,512,64,5197,0.07587884849359239,0.2015798563825435,TSRAG_ChronosBolt_variable_metrics.xlsx
benchmark_v1,chronos_bolt,electricity,1 hour,14,14,2021,512,64,5197,0.07703087330817866,0.20254693262469706,TSRAG_ChronosBolt_variable_metrics.xlsx
benchmark_v1,tsrag,electricity,1 hour,15,15,2021,512,64,5197,0.15999603211522756,0.2940238331539002,TSRAG_ChronosBolt_variable_metrics.xlsx
benchmark_v1,chronos_bolt,electricity,1 hour,15,15,2021,512,64,5197,0.1636091948705314,0.29657943166429684,TSRAG_ChronosBolt_variable_metrics.xlsx
benchmark_v1,tsrag,electricity,1 hour,16,16,2021,512,64,5197,0.1803655087272605,0.3087849097886589,TSRAG_ChronosBolt_variable_metrics.xlsx
benchmark_v1,chronos_bolt,electricity,1 hour,16,16,2021,512,64,5197,0.18180825341079287,0.30955836935836534,TSRAG_ChronosBolt_variable_metrics.xlsx
benchmark_v1,tsrag,electricity,1 hour,17,17,2021,512,64,5197,0.3534034632256748,0.4680664595449478,TSRAG_ChronosBolt_variable_metrics.xlsx
benchmark_v1,chronos_bolt,electricity,1 hour,17,17,2021,512,64,5197,0.35826299043703086,0.47102776929027923,TSRAG_ChronosBolt_variable_metrics.xlsx
benchmark_v1,tsrag,electricity,1 hour,18,18,2021,512,64,5197,0.06006825753724733,0.17263788148855416,TSRAG_ChronosBolt_variable_metrics.xlsx
benchmark_v1,chronos_bolt,electricity,1 hour,18,18,2021,512,64,5197,0.060673003419531246,0.17314531199084995,TSRAG_ChronosBolt_variable_metrics.xlsx
benchmark_v1,tsrag,electricity,1 hour,19,19,2021,512,64,5197,0.22182085249685532,0.282624282064703,TSRAG_ChronosBolt_variable_metrics.xlsx
benchmark_v1,chronos_bolt,electricity,1 hour,19,19,2021,512,64,5197,0.22418383605188996,0.28573802745334226,TSRAG_ChronosBolt_variable_metrics.xlsx
benchmark_v1,tsrag,electricity,1 hour,20,20,2021,512,64,5197,0.2857181179479312,0.3476962744702232,TSRAG_ChronosBolt_variable_metrics.xlsx
benchmark_v1,chronos_bolt,electricity,1 hour,20,20,2021,512,64,5197,0.29303116628988696,0.34983303857659387,TSRAG_ChronosBolt_variable_metrics.xlsx
benchmark_v1,tsrag,electricity,1 hour,21,21,2021,512,64,5197,0.11039471691368588,0.2421351722141447,TSRAG_ChronosBolt_variable_metrics.xlsx
benchmark_v1,chronos_bolt,electricity,1 hour,21,21,2021,512,64,5197,0.11126419536200238,0.24317295596000665,TSRAG_ChronosBolt_variable_metrics.xlsx
benchmark_v1,tsrag,electricity,1 hour,22,22,2021,512,64,5197,0.08881046117349889,0.20254486031960772,TSRAG_ChronosBolt_variable_metrics.xlsx
benchmark_v1,chronos_bolt,electricity,1 hour,22,22,2021,512,64,5197,0.0903071360270123,0.20382528659762708,TSRAG_ChronosBolt_variable_metrics.xlsx
benchmark_v1,tsrag,electricity,1 hour,23,23,2021,512,64,5197,0.1059504591121378,0.23490416237355793,TSRAG_ChronosBolt_variable_metrics.xlsx
benchmark_v1,chronos_bolt,electricity,1 hour,23,23,2021,512,64,5197,0.10709200336832438,0.23620805478776122,TSRAG_ChronosBolt_variable_metrics.xlsx
benchmark_v1,tsrag,electricity,1 hour,24,24,2021,512,64,5197,0.10299920855057407,0.22400543051245855,TSRAG_ChronosBolt_variable_metrics.xlsx
benchmark_v1,chronos_bolt,electricity,1 hour,24,24,2021,512,64,5197,0.10370873279883176,0.22490774736895064,TSRAG_ChronosBolt_variable_metrics.xlsx
benchmark_v1,tsrag,electricity,1 hour,25,25,2021,512,64,5197,0.1989471434999228,0.207821492834007,TSRAG_ChronosBolt_variable_metrics.xlsx
benchmark_v1,chronos_bolt,electricity,1 hour,25,25,2021,512,64,5197,0.20300261082815116,0.20504864097381295,TSRAG_ChronosBolt_variable_metrics.xlsx
benchmark_v1,tsrag,electricity,1 hour,26,26,2021,512,64,5197,0.08114664723900607,0.20620705528381536,TSRAG_ChronosBolt_variable_metrics.xlsx
benchmark_v1,chronos_bolt,electricity,1 hour,26,26,2021,512,64,5197,0.0820224050089089,0.20701623159072388,TSRAG_ChronosBolt_variable_metrics.xlsx
benchmark_v1,tsrag,electricity,1 hour,27,27,2021,512,64,5197,0.17589595088617307,0.3025924985841625,TSRAG_ChronosBolt_variable_metrics.xlsx
benchmark_v1,chronos_bolt,electricity,1 hour,27,27,2021,512,64,5197,0.1765937168442884,0.3034485156963439,TSRAG_ChronosBolt_variable_metrics.xlsx
benchmark_v1,tsrag,electricity,1 hour,28,28,2021,512,64,5197,0.2171876208216227,0.3160035187263477,TSRAG_ChronosBolt_variable_metrics.xlsx
benchmark_v1,chronos_bolt,electricity,1 hour,28,28,2021,512,64,5197,0.22028246613845517,0.3180689431478914,TSRAG_ChronosBolt_variable_metrics.xlsx
benchmark_v1,tsrag,electricity,1 hour,29,29,2021,512,64,5197,0.29346981449127957,0.3491027838148554,TSRAG_ChronosBolt_variable_metrics.xlsx
benchmark_v1,chronos_bolt,electricity,1 hour,29,29,2021,512,64,5197,0.2943951383961355,0.3477060848154229,TSRAG_ChronosBolt_variable_metrics.xlsx
benchmark_v1,tsrag,electricity,1 hour,30,30,2021,512,64,5197,0.21547246196522107,0.28487109933216936,TSRAG_ChronosBolt_variable_metrics.xlsx
benchmark_v1,chronos_bolt,electricity,1 hour,30,30,2021,512,64,5197,0.2212822969453809,0.2881119613099699,TSRAG_ChronosBolt_variable_metrics.xlsx
benchmark_v1,tsrag,electricity,1 hour,31,31,2021,512,64,5197,0.10772737819319371,0.22576759648949268,TSRAG_ChronosBolt_variable_metrics.xlsx
benchmark_v1,chronos_bolt,electricity,1 hour,31,31,2021,512,64,5197,0.1086733782675052,0.22697076995813872,TSRAG_ChronosBolt_variable_metrics.xlsx
benchmark_v1,tsrag,electricity,1 hour,32,32,2021,512,64,5197,0.014916616442199522,0.0831272715101603,TSRAG_ChronosBolt_variable_metrics.xlsx
benchmark_v1,chronos_bolt,electricity,1 hour,32,32,2021,512,64,5197,0.015192978239188332,0.0838566932455207,TSRAG_ChronosBolt_variable_metrics.xlsx
benchmark_v1,tsrag,electricity,1 hour,33,33,2021,512,64,5197,0.14364667799756037,0.2746211262475373,TSRAG_ChronosBolt_variable_metrics.xlsx
benchmark_v1,chronos_bolt,electricity,1 hour,33,33,2021,512,64,5197,0.1452480158063427,0.27580810100562714,TSRAG_ChronosBolt_variable_metrics.xlsx
benchmark_v1,tsrag,electricity,1 hour,34,34,2021,512,64,5197,0.07174958583961744,0.1935712043708486,TSRAG_ChronosBolt_variable_metrics.xlsx
benchmark_v1,chronos_bolt,electricity,1 hour,34,34,2021,512,64,5197,0.07230939037097184,0.1941102956344078,TSRAG_ChronosBolt_variable_metrics.xlsx
benchmark_v1,tsrag,electricity,1 hour,35,35,2021,512,64,5197,0.08866188462898178,0.20741644510001156,TSRAG_ChronosBolt_variable_metrics.xlsx
benchmark_v1,chronos_bolt,electricity,1 hour,35,35,2021,512,64,5197,0.08922571760392806,0.20764053033043703,TSRAG_ChronosBolt_variable_metrics.xlsx
benchmark_v1,tsrag,electricity,1 hour,36,36,2021,512,64,5197,0.19501463829123783,0.2597668015236622,TSRAG_ChronosBolt_variable_metrics.xlsx
benchmark_v1,chronos_bolt,electricity,1 hour,36,36,2021,512,64,5197,0.19315056378344045,0.2533917214799574,TSRAG_ChronosBolt_variable_metrics.xlsx
benchmark_v1,tsrag,electricity,1 hour,37,37,2021,512,64,5197,0.1438429061891839,0.27523044265243257,TSRAG_ChronosBolt_variable_metrics.xlsx
benchmark_v1,chronos_bolt,electricity,1 hour,37,37,2021,512,64,5197,0.1447332941163428,0.2763528970512996,TSRAG_ChronosBolt_variable_metrics.xlsx
benchmark_v1,tsrag,electricity,1 hour,38,38,2021,512,64,5197,0.15375794071259008,0.2816293691674723,TSRAG_ChronosBolt_variable_metrics.xlsx
benchmark_v1,chronos_bolt,electricity,1 hour,38,38,2021,512,64,5197,0.1555107698405055,0.28270476001924294,TSRAG_ChronosBolt_variable_metrics.xlsx
benchmark_v1,tsrag,electricity,1 hour,39,39,2021,512,64,5197,0.18677500142754042,0.3194538730083577,TSRAG_ChronosBolt_variable_metrics.xlsx
benchmark_v1,chronos_bolt,electricity,1 hour,39,39,2021,512,64,5197,0.1854167248865911,0.3175441125894891,TSRAG_ChronosBolt_variable_metrics.xlsx
benchmark_v1,tsrag,electricity,1 hour,40,40,2021,512,64,5197,0.07229727482337527,0.19595684379780776,TSRAG_ChronosBolt_variable_metrics.xlsx
benchmark_v1,chronos_bolt,electricity,1 hour,40,40,2021,512,64,5197,0.07303131541173796,0.1963572888643163,TSRAG_ChronosBolt_variable_metrics.xlsx
benchmark_v1,tsrag,electricity,1 hour,41,41,2021,512,64,5197,0.08831688107437748,0.2048958293148846,TSRAG_ChronosBolt_variable_metrics.xlsx
benchmark_v1,chronos_bolt,electricity,1 hour,41,41,2021,512,64,5197,0.08935492419277002,0.20562988680378622,TSRAG_ChronosBolt_variable_metrics.xlsx
benchmark_v1,tsrag,electricity,1 hour,42,42,2021,512,64,5197,0.24679490390069006,0.37384313164891386,TSRAG_ChronosBolt_variable_metrics.xlsx
benchmark_v1,chronos_bolt,electricity,1 hour,42,42,2021,512,64,5197,0.2480950982134079,0.37497688006994606,TSRAG_ChronosBolt_variable_metrics.xlsx
benchmark_v1,tsrag,electricity,1 hour,43,43,2021,512,64,5197,0.1113575098884491,0.25374421336248515,TSRAG_ChronosBolt_variable_metrics.xlsx
benchmark_v1,chronos_bolt,electricity,1 hour,43,43,2021,512,64,5197,0.1125117915752205,0.25458124240837765,TSRAG_ChronosBolt_variable_metrics.xlsx
benchmark_v1,tsrag,electricity,1 hour,44,44,2021,512,64,5197,0.08350746976367575,0.20359935706106086,TSRAG_ChronosBolt_variable_metrics.xlsx
benchmark_v1,chronos_bolt,electricity,1 hour,44,44,2021,512,64,5197,0.08464655008565578,0.20461930068199374,TSRAG_ChronosBolt_variable_metrics.xlsx
benchmark_v1,tsrag,electricity,1 hour,45,45,2021,512,64,5197,0.07605725472833483,0.20146432297032957,TSRAG_ChronosBolt_variable_metrics.xlsx
benchmark_v1,chronos_bolt,electricity,1 hour,45,45,2021,512,64,5197,0.07653863746235612,0.20200144533374023,TSRAG_ChronosBolt_variable_metrics.xlsx
benchmark_v1,tsrag,electricity,1 hour,46,46,2021,512,64,5197,0.1362482778507946,0.20991114492293203,TSRAG_ChronosBolt_variable_metrics.xlsx
benchmark_v1,chronos_bolt,electricity,1 hour,46,46,2021,512,64,5197,0.13956566756293365,0.21005900723729565,TSRAG_ChronosBolt_variable_metrics.xlsx
benchmark_v1,tsrag,electricity,1 hour,47,47,2021,512,64,5197,0.06097150255103587,0.1789724013184111,TSRAG_ChronosBolt_variable_metrics.xlsx
benchmark_v1,chronos_bolt,electricity,1 hour,47,47,2021,512,64,5197,0.06140496036493339,0.17939978363148312,TSRAG_ChronosBolt_variable_metrics.xlsx
benchmark_v1,tsrag,electricity,1 hour,48,48,2021,512,64,5197,0.13376949244939193,0.24106407241796515,TSRAG_ChronosBolt_variable_metrics.xlsx
benchmark_v1,chronos_bolt,electricity,1 hour,48,48,2021,512,64,5197,0.13555321289641808,0.24193255649763093,TSRAG_ChronosBolt_variable_metrics.xlsx
benchmark_v1,tsrag,electricity,1 hour,49,49,2021,512,64,5197,0.10808176448404193,0.23649269702980696,TSRAG_ChronosBolt_variable_metrics.xlsx
benchmark_v1,chronos_bolt,electricity,1 hour,49,49,2021,512,64,5197,0.10847002261529548,0.23649411766643086,TSRAG_ChronosBolt_variable_metrics.xlsx
benchmark_v1,tsrag,electricity,1 hour,50,50,2021,512,64,5197,0.3690778340076985,0.44395418984111923,TSRAG_ChronosBolt_variable_metrics.xlsx
benchmark_v1,chronos_bolt,electricity,1 hour,50,50,2021,512,64,5197,0.37179618183582913,0.44500600622150793,TSRAG_ChronosBolt_variable_metrics.xlsx
benchmark_v1,tsrag,electricity,1 hour,51,51,2021,512,64,5197,0.11785867760753216,0.2472203364733758,TSRAG_ChronosBolt_variable_metrics.xlsx
benchmark_v1,chronos_bolt,electricity,1 hour,51,51,2021,512,64,5197,0.11874912641455067,0.2479931807257658,TSRAG_ChronosBolt_variable_metrics.xlsx
benchmark_v1,tsrag,electricity,1 hour,52,52,2021,512,64,5197,0.13423336134287706,0.26628114796181424,TSRAG_ChronosBolt_variable_metrics.xlsx
benchmark_v1,chronos_bolt,electricity,1 hour,52,52,2021,512,64,5197,0.13570575974559082,0.26732617368921996,TSRAG_ChronosBolt_variable_metrics.xlsx
benchmark_v1,tsrag,electricity,1 hour,53,53,2021,512,64,5197,0.11375224356691332,0.2524620266328391,TSRAG_ChronosBolt_variable_metrics.xlsx
benchmark_v1,chronos_bolt,electricity,1 hour,53,53,2021,512,64,5197,0.11477142905327926,0.25328437695829875,TSRAG_ChronosBolt_variable_metrics.xlsx
benchmark_v1,tsrag,electricity,1 hour,54,54,2021,512,64,5197,0.06723916832316787,0.1849940989882597,TSRAG_ChronosBolt_variable_metrics.xlsx
benchmark_v1,chronos_bolt,electricity,1 hour,54,54,2021,512,64,5197,0.06786455259792261,0.18552391658712172,TSRAG_ChronosBolt_variable_metrics.xlsx
benchmark_v1,tsrag,electricity,1 hour,55,55,2021,512,64,5197,0.24147411755255513,0.29815614169862426,TSRAG_ChronosBolt_variable_metrics.xlsx
benchmark_v1,chronos_bolt,electricity,1 hour,55,55,2021,512,64,5197,0.2610488834021922,0.3038198513172213,TSRAG_ChronosBolt_variable_metrics.xlsx
benchmark_v1,tsrag,electricity,1 hour,56,56,2021,512,64,5197,0.1384762689967281,0.2746738805027909,TSRAG_ChronosBolt_variable_metrics.xlsx
benchmark_v1,chronos_bolt,electricity,1 hour,56,56,2021,512,64,5197,0.13988876362915953,0.27538859909294616,TSRAG_ChronosBolt_variable_metrics.xlsx
benchmark_v1,tsrag,electricity,1 hour,57,57,2021,512,64,5197,0.13013369544224948,0.19675476672563308,TSRAG_ChronosBolt_variable_metrics.xlsx
benchmark_v1,chronos_bolt,electricity,1 hour,57,57,2021,512,64,5197,0.1295104611887849,0.1970490392896764,TSRAG_ChronosBolt_variable_metrics.xlsx
benchmark_v1,tsrag,electricity,1 hour,58,58,2021,512,64,5197,0.1520364266376364,0.28352741753743066,TSRAG_ChronosBolt_variable_metrics.xlsx
benchmark_v1,chronos_bolt,electricity,1 hour,58,58,2021,512,64,5197,0.15361199365799383,0.2846805638124192,TSRAG_ChronosBolt_variable_metrics.xlsx
benchmark_v1,tsrag,electricity,1 hour,59,59,2021,512,64,5197,0.024459387913610797,0.11442560039723014,TSRAG_ChronosBolt_variable_metrics.xlsx
benchmark_v1,chronos_bolt,electricity,1 hour,59,59,2021,512,64,5197,0.02461726650948159,0.11474481117921494,TSRAG_ChronosBolt_variable_metrics.xlsx
benchmark_v1,tsrag,electricity,1 hour,60,60,2021,512,64,5197,0.11392528604237946,0.24237994046561737,TSRAG_ChronosBolt_variable_metrics.xlsx
benchmark_v1,chronos_bolt,electricity,1 hour,60,60,2021,512,64,5197,0.11538196993141948,0.24300983239360238,TSRAG_ChronosBolt_variable_metrics.xlsx
benchmark_v1,tsrag,electricity,1 hour,61,61,2021,512,64,5197,0.0857089953717473,0.21419958233523648,TSRAG_ChronosBolt_variable_metrics.xlsx
benchmark_v1,chronos_bolt,electricity,1 hour,61,61,2021,512,64,5197,0.08654624350083684,0.21499525470351263,TSRAG_ChronosBolt_variable_metrics.xlsx
benchmark_v1,tsrag,electricity,1 hour,62,62,2021,512,64,5197,0.053825068707605304,0.16294414638664392,TSRAG_ChronosBolt_variable_metrics.xlsx
benchmark_v1,chronos_bolt,electricity,1 hour,62,62,2021,512,64,5197,0.054426929780402325,0.1637808152628399,TSRAG_ChronosBolt_variable_metrics.xlsx
benchmark_v1,tsrag,electricity,1 hour,63,63,2021,512,64,5197,0.06956968545105129,0.1932616287988265,TSRAG_ChronosBolt_variable_metrics.xlsx
benchmark_v1,chronos_bolt,electricity,1 hour,63,63,2021,512,64,5197,0.07068154628985153,0.19425601917337817,TSRAG_ChronosBolt_variable_metrics.xlsx
benchmark_v1,tsrag,electricity,1 hour,64,64,2021,512,64,5197,0.22294565297183663,0.28991455453300513,TSRAG_ChronosBolt_variable_metrics.xlsx
benchmark_v1,chronos_bolt,electricity,1 hour,64,64,2021,512,64,5197,0.22446750978745159,0.2913238021796177,TSRAG_ChronosBolt_variable_metrics.xlsx
benchmark_v1,tsrag,electricity,1 hour,65,65,2021,512,64,5197,0.09496404940277849,0.22224387196060189,TSRAG_ChronosBolt_variable_metrics.xlsx
benchmark_v1,chronos_bolt,electricity,1 hour,65,65,2021,512,64,5197,0.09601078751180317,0.22329521887986412,TSRAG_ChronosBolt_variable_metrics.xlsx
benchmark_v1,tsrag,electricity,1 hour,66,66,2021,512,64,5197,0.0998574763490577,0.22171994147018353,TSRAG_ChronosBolt_variable_metrics.xlsx
benchmark_v1,chronos_bolt,electricity,1 hour,66,66,2021,512,64,5197,0.1008459957216522,0.22283823236934905,TSRAG_ChronosBolt_variable_metrics.xlsx
benchmark_v1,tsrag,electricity,1 hour,67,67,2021,512,64,5197,0.08922661557164253,0.2138957007128114,TSRAG_ChronosBolt_variable_metrics.xlsx
benchmark_v1,chronos_bolt,electricity,1 hour,67,67,2021,512,64,5197,0.08993793256424563,0.21440018737129185,TSRAG_ChronosBolt_variable_metrics.xlsx
benchmark_v1,tsrag,electricity,1 hour,68,68,2021,512,64,5197,0.1781133211755253,0.27878593790495604,TSRAG_ChronosBolt_variable_metrics.xlsx
benchmark_v1,chronos_bolt,electricity,1 hour,68,68,2021,512,64,5197,0.1778615044271482,0.27755425173817216,TSRAG_ChronosBolt_variable_metrics.xlsx
benchmark_v1,tsrag,electricity,1 hour,69,69,2021,512,64,5197,0.07906647234630397,0.20470476043563818,TSRAG_ChronosBolt_variable_metrics.xlsx
benchmark_v1,chronos_bolt,electricity,1 hour,69,69,2021,512,64,5197,0.0799084632570196,0.2058103360581196,TSRAG_ChronosBolt_variable_metrics.xlsx
benchmark_v1,tsrag,electricity,1 hour,70,70,2021,512,64,5197,0.2804247733879005,0.33478309508296233,TSRAG_ChronosBolt_variable_metrics.xlsx
benchmark_v1,chronos_bolt,electricity,1 hour,70,70,2021,512,64,5197,0.2816720289499505,0.3354196614165225,TSRAG_ChronosBolt_variable_metrics.xlsx
benchmark_v1,tsrag,electricity,1 hour,71,71,2021,512,64,5197,0.15761405488840657,0.2896493268065758,TSRAG_ChronosBolt_variable_metrics.xlsx
benchmark_v1,chronos_bolt,electricity,1 hour,71,71,2021,512,64,5197,0.15892257317484904,0.29059806762864226,TSRAG_ChronosBolt_variable_metrics.xlsx
benchmark_v1,tsrag,electricity,1 hour,72,72,2021,512,64,5197,0.09210246016570862,0.2184082011156227,TSRAG_ChronosBolt_variable_metrics.xlsx
benchmark_v1,chronos_bolt,electricity,1 hour,72,72,2021,512,64,5197,0.09307657101682419,0.21938710045288085,TSRAG_ChronosBolt_variable_metrics.xlsx
benchmark_v1,tsrag,electricity,1 hour,73,73,2021,512,64,5197,0.09884258678546026,0.21841579273397566,TSRAG_ChronosBolt_variable_metrics.xlsx
benchmark_v1,chronos_bolt,electricity,1 hour,73,73,2021,512,64,5197,0.09955034879883344,0.21864524078106498,TSRAG_ChronosBolt_variable_metrics.xlsx
benchmark_v1,tsrag,electricity,1 hour,74,74,2021,512,64,5197,0.05972123860578847,0.17512469848968076,TSRAG_ChronosBolt_variable_metrics.xlsx
benchmark_v1,chronos_bolt,electricity,1 hour,74,74,2021,512,64,5197,0.06033388894192526,0.17579735781547998,TSRAG_ChronosBolt_variable_metrics.xlsx
benchmark_v1,tsrag,electricity,1 hour,75,75,2021,512,64,5197,0.20637061734348164,0.2805546399220976,TSRAG_ChronosBolt_variable_metrics.xlsx
benchmark_v1,chronos_bolt,electricity,1 hour,75,75,2021,512,64,5197,0.20806169350181195,0.28197588600836193,TSRAG_ChronosBolt_variable_metrics.xlsx
benchmark_v1,tsrag,electricity,1 hour,76,76,2021,512,64,5197,0.10022663764909343,0.23023785367014546,TSRAG_ChronosBolt_variable_metrics.xlsx
benchmark_v1,chronos_bolt,electricity,1 hour,76,76,2021,512,64,5197,0.1011497999280003,0.2311701288309514,TSRAG_ChronosBolt_variable_metrics.xlsx
benchmark_v1,tsrag,electricity,1 hour,77,77,2021,512,64,5197,0.1758214871576337,0.28343053780423005,TSRAG_ChronosBolt_variable_metrics.xlsx
benchmark_v1,chronos_bolt,electricity,1 hour,77,77,2021,512,64,5197,0.17775229527135641,0.28433118014667547,TSRAG_ChronosBolt_variable_metrics.xlsx
benchmark_v1,tsrag,electricity,1 hour,78,78,2021,512,64,5197,0.11983348177242376,0.23358638142912072,TSRAG_ChronosBolt_variable_metrics.xlsx
benchmark_v1,chronos_bolt,electricity,1 hour,78,78,2021,512,64,5197,0.12256816523058216,0.2354888585950747,TSRAG_ChronosBolt_variable_metrics.xlsx
benchmark_v1,tsrag,electricity,1 hour,79,79,2021,512,64,5197,0.33221793668091937,0.34868444797825027,TSRAG_ChronosBolt_variable_metrics.xlsx
benchmark_v1,chronos_bolt,electricity,1 hour,79,79,2021,512,64,5197,0.33451830551468376,0.34983515294441836,TSRAG_ChronosBolt_variable_metrics.xlsx
benchmark_v1,tsrag,electricity,1 hour,80,80,2021,512,64,5197,0.13864924811752904,0.26239795250538933,TSRAG_ChronosBolt_variable_metrics.xlsx
benchmark_v1,chronos_bolt,electricity,1 hour,80,80,2021,512,64,5197,0.14025695253488293,0.26325949975188156,TSRAG_ChronosBolt_variable_metrics.xlsx
benchmark_v1,tsrag,electricity,1 hour,81,81,2021,512,64,5197,0.3024355566648679,0.3160110184335384,TSRAG_ChronosBolt_variable_metrics.xlsx
benchmark_v1,chronos_bolt,electricity,1 hour,81,81,2021,512,64,5197,0.30712763213422767,0.3115097782059383,TSRAG_ChronosBolt_variable_metrics.xlsx
benchmark_v1,tsrag,electricity,1 hour,82,82,2021,512,64,5197,0.18478804385661934,0.2878423151985737,TSRAG_ChronosBolt_variable_metrics.xlsx
benchmark_v1,chronos_bolt,electricity,1 hour,82,82,2021,512,64,5197,0.18683270041931013,0.28924123031206034,TSRAG_ChronosBolt_variable_metrics.xlsx
benchmark_v1,tsrag,electricity,1 hour,83,83,2021,512,64,5197,0.7949223702366256,0.40782651112070645,TSRAG_ChronosBolt_variable_metrics.xlsx
benchmark_v1,chronos_bolt,electricity,1 hour,83,83,2021,512,64,5197,0.7993728551041348,0.4079911176675107,TSRAG_ChronosBolt_variable_metrics.xlsx
benchmark_v1,tsrag,electricity,1 hour,84,84,2021,512,64,5197,0.6604397478937013,0.3562093503434159,TSRAG_ChronosBolt_variable_metrics.xlsx
benchmark_v1,chronos_bolt,electricity,1 hour,84,84,2021,512,64,5197,0.661074426359345,0.35690059476618596,TSRAG_ChronosBolt_variable_metrics.xlsx
benchmark_v1,tsrag,electricity,1 hour,85,85,2021,512,64,5197,0.06428782403330337,0.120830137941005,TSRAG_ChronosBolt_variable_metrics.xlsx
benchmark_v1,chronos_bolt,electricity,1 hour,85,85,2021,512,64,5197,0.06537722320650605,0.12155965445084722,TSRAG_ChronosBolt_variable_metrics.xlsx
benchmark_v1,tsrag,electricity,1 hour,86,86,2021,512,64,5197,0.12502322036056868,0.23023531910505848,TSRAG_ChronosBolt_variable_metrics.xlsx
benchmark_v1,chronos_bolt,electricity,1 hour,86,86,2021,512,64,5197,0.1258068850480073,0.23110119471452273,TSRAG_ChronosBolt_variable_metrics.xlsx
benchmark_v1,tsrag,electricity,1 hour,87,87,2021,512,64,5197,0.09263620050536875,0.1638678715639397,TSRAG_ChronosBolt_variable_metrics.xlsx
benchmark_v1,chronos_bolt,electricity,1 hour,87,87,2021,512,64,5197,0.09340293503711199,0.16398430640787912,TSRAG_ChronosBolt_variable_metrics.xlsx
benchmark_v1,tsrag,electricity,1 hour,88,88,2021,512,64,5197,0.029193414338493973,0.1073977599608249,TSRAG_ChronosBolt_variable_metrics.xlsx
benchmark_v1,chronos_bolt,electricity,1 hour,88,88,2021,512,64,5197,0.029479452998789374,0.10757104521955989,TSRAG_ChronosBolt_variable_metrics.xlsx
benchmark_v1,tsrag,electricity,1 hour,89,89,2021,512,64,5197,0.06668917192044035,0.1519205052063675,TSRAG_ChronosBolt_variable_metrics.xlsx
benchmark_v1,chronos_bolt,electricity,1 hour,89,89,2021,512,64,5197,0.06696394382605401,0.15214304221058914,TSRAG_ChronosBolt_variable_metrics.xlsx
benchmark_v1,tsrag,electricity,1 hour,90,90,2021,512,64,5197,0.04130579180160655,0.10681140150879154,TSRAG_ChronosBolt_variable_metrics.xlsx
benchmark_v1,chronos_bolt,electricity,1 hour,90,90,2021,512,64,5197,0.04116803918994304,0.10629401887070451,TSRAG_ChronosBolt_variable_metrics.xlsx
benchmark_v1,tsrag,electricity,1 hour,91,91,2021,512,64,5197,0.01992572680767016,0.08473050680813628,TSRAG_ChronosBolt_variable_metrics.xlsx
benchmark_v1,chronos_bolt,electricity,1 hour,91,91,2021,512,64,5197,0.019957879906286745,0.08469288822744463,TSRAG_ChronosBolt_variable_metrics.xlsx
benchmark_v1,tsrag,electricity,1 hour,92,92,2021,512,64,5197,0.16127087991259603,0.23712128963789528,TSRAG_ChronosBolt_variable_metrics.xlsx
benchmark_v1,chronos_bolt,electricity,1 hour,92,92,2021,512,64,5197,0.16268586804859136,0.24074525630600824,TSRAG_ChronosBolt_variable_metrics.xlsx
benchmark_v1,tsrag,electricity,1 hour,93,93,2021,512,64,5197,0.027452297913022942,0.09619153512913102,TSRAG_ChronosBolt_variable_metrics.xlsx
benchmark_v1,chronos_bolt,electricity,1 hour,93,93,2021,512,64,5197,0.027201414630185272,0.09457198534879818,TSRAG_ChronosBolt_variable_metrics.xlsx
benchmark_v1,tsrag,electricity,1 hour,94,94,2021,512,64,5197,0.031429441813263494,0.09280960091040447,TSRAG_ChronosBolt_variable_metrics.xlsx
benchmark_v1,chronos_bolt,electricity,1 hour,94,94,2021,512,64,5197,0.031482303876094055,0.09207063991836638,TSRAG_ChronosBolt_variable_metrics.xlsx
benchmark_v1,tsrag,electricity,1 hour,95,95,2021,512,64,5197,0.07734662782539192,0.16796133642787198,TSRAG_ChronosBolt_variable_metrics.xlsx
benchmark_v1,chronos_bolt,electricity,1 hour,95,95,2021,512,64,5197,0.07762095458798035,0.16778497326576483,TSRAG_ChronosBolt_variable_metrics.xlsx
benchmark_v1,tsrag,electricity,1 hour,96,96,2021,512,64,5197,0.2322797399103926,0.2949782896285874,TSRAG_ChronosBolt_variable_metrics.xlsx
benchmark_v1,chronos_bolt,electricity,1 hour,96,96,2021,512,64,5197,0.23053763998339585,0.29466815520710893,TSRAG_ChronosBolt_variable_metrics.xlsx
benchmark_v1,tsrag,electricity,1 hour,97,97,2021,512,64,5197,0.07462692791329041,0.20028177850924708,TSRAG_ChronosBolt_variable_metrics.xlsx
benchmark_v1,chronos_bolt,electricity,1 hour,97,97,2021,512,64,5197,0.075010055526109,0.20040824550727435,TSRAG_ChronosBolt_variable_metrics.xlsx
benchmark_v1,tsrag,electricity,1 hour,98,98,2021,512,64,5197,0.24354136043420135,0.312965008314238,TSRAG_ChronosBolt_variable_metrics.xlsx
benchmark_v1,chronos_bolt,electricity,1 hour,98,98,2021,512,64,5197,0.2426859770649003,0.31319451055544856,TSRAG_ChronosBolt_variable_metrics.xlsx
benchmark_v1,tsrag,electricity,1 hour,99,99,2021,512,64,5197,0.1594530280387093,0.20736419936301204,TSRAG_ChronosBolt_variable_metrics.xlsx
benchmark_v1,chronos_bolt,electricity,1 hour,99,99,2021,512,64,5197,0.16563463820997903,0.20972662146260745,TSRAG_ChronosBolt_variable_metrics.xlsx
benchmark_v1,tsrag,electricity,1 hour,100,100,2021,512,64,5197,0.08898800419640296,0.20098983624737515,TSRAG_ChronosBolt_variable_metrics.xlsx
benchmark_v1,chronos_bolt,electricity,1 hour,100,100,2021,512,64,5197,0.0892359528212819,0.20102524553809645,TSRAG_ChronosBolt_variable_metrics.xlsx
benchmark_v1,tsrag,electricity,1 hour,101,101,2021,512,64,5197,0.07653802408976024,0.18062679830000267,TSRAG_ChronosBolt_variable_metrics.xlsx
benchmark_v1,chronos_bolt,electricity,1 hour,101,101,2021,512,64,5197,0.07663756209481719,0.18019565144954838,TSRAG_ChronosBolt_variable_metrics.xlsx
benchmark_v1,tsrag,electricity,1 hour,102,102,2021,512,64,5197,0.09644932197957044,0.20039453109439942,TSRAG_ChronosBolt_variable_metrics.xlsx
benchmark_v1,chronos_bolt,electricity,1 hour,102,102,2021,512,64,5197,0.09669186195047895,0.20096546596596052,TSRAG_ChronosBolt_variable_metrics.xlsx
benchmark_v1,tsrag,electricity,1 hour,103,103,2021,512,64,5197,0.14085216039950477,0.24457142562712067,TSRAG_ChronosBolt_variable_metrics.xlsx
benchmark_v1,chronos_bolt,electricity,1 hour,103,103,2021,512,64,5197,0.14103218231655548,0.24365829418981239,TSRAG_ChronosBolt_variable_metrics.xlsx
benchmark_v1,tsrag,electricity,1 hour,104,104,2021,512,64,5197,0.15519649799891125,0.20486129114426901,TSRAG_ChronosBolt_variable_metrics.xlsx
benchmark_v1,chronos_bolt,electricity,1 hour,104,104,2021,512,64,5197,0.1557532331245624,0.2041987711819968,TSRAG_ChronosBolt_variable_metrics.xlsx
benchmark_v1,tsrag,electricity,1 hour,105,105,2021,512,64,5197,0.17885843095525006,0.19012158928263043,TSRAG_ChronosBolt_variable_metrics.xlsx
benchmark_v1,chronos_bolt,electricity,1 hour,105,105,2021,512,64,5197,0.17979151808113944,0.19036179943533846,TSRAG_ChronosBolt_variable_metrics.xlsx
benchmark_v1,tsrag,electricity,1 hour,106,106,2021,512,64,5197,0.3910486080140959,0.28685872862106543,TSRAG_ChronosBolt_variable_metrics.xlsx
benchmark_v1,chronos_bolt,electricity,1 hour,106,106,2021,512,64,5197,0.3951163172772219,0.29032370822003467,TSRAG_ChronosBolt_variable_metrics.xlsx
benchmark_v1,tsrag,electricity,1 hour,107,107,2021,512,64,5197,0.155475162167234,0.1802703579208565,TSRAG_ChronosBolt_variable_metrics.xlsx
benchmark_v1,chronos_bolt,electricity,1 hour,107,107,2021,512,64,5197,0.15807420594714675,0.18060774527875786,TSRAG_ChronosBolt_variable_metrics.xlsx
benchmark_v1,tsrag,electricity,1 hour,108,108,2021,512,64,5197,0.04788523812962695,0.14380304002265232,TSRAG_ChronosBolt_variable_metrics.xlsx
benchmark_v1,chronos_bolt,electricity,1 hour,108,108,2021,512,64,5197,0.04833522159346373,0.14428788300174256,TSRAG_ChronosBolt_variable_metrics.xlsx
benchmark_v1,tsrag,electricity,1 hour,109,109,2021,512,64,5197,0.06589287466679412,0.13573162721737728,TSRAG_ChronosBolt_variable_metrics.xlsx
benchmark_v1,chronos_bolt,electricity,1 hour,109,109,2021,512,64,5197,0.06549869335649153,0.13516362071430107,TSRAG_ChronosBolt_variable_metrics.xlsx
benchmark_v1,tsrag,electricity,1 hour,110,110,2021,512,64,5197,0.07731297984038302,0.18529460314508583,TSRAG_ChronosBolt_variable_metrics.xlsx
benchmark_v1,chronos_bolt,electricity,1 hour,110,110,2021,512,64,5197,0.07719121436721614,0.18505357176478332,TSRAG_ChronosBolt_variable_metrics.xlsx
benchmark_v1,tsrag,electricity,1 hour,111,111,2021,512,64,5197,0.16455331218441632,0.30067599143589924,TSRAG_ChronosBolt_variable_metrics.xlsx
benchmark_v1,chronos_bolt,electricity,1 hour,111,111,2021,512,64,5197,0.16550904015508872,0.3007622437753401,TSRAG_ChronosBolt_variable_metrics.xlsx
benchmark_v1,tsrag,electricity,1 hour,112,112,2021,512,64,5197,0.10709823904498446,0.23484778505020104,TSRAG_ChronosBolt_variable_metrics.xlsx
benchmark_v1,chronos_bolt,electricity,1 hour,112,112,2021,512,64,5197,0.10709759553871821,0.23506922865483953,TSRAG_ChronosBolt_variable_metrics.xlsx
benchmark_v1,tsrag,electricity,1 hour,113,113,2021,512,64,5197,0.6651934486935809,0.3622344581706692,TSRAG_ChronosBolt_variable_metrics.xlsx
benchmark_v1,chronos_bolt,electricity,1 hour,113,113,2021,512,64,5197,0.6758084181102989,0.36469982042141674,TSRAG_ChronosBolt_variable_metrics.xlsx
benchmark_v1,tsrag,electricity,1 hour,114,114,2021,512,64,5197,0.11912571541406765,0.14878449900703367,TSRAG_ChronosBolt_variable_metrics.xlsx
benchmark_v1,chronos_bolt,electricity,1 hour,114,114,2021,512,64,5197,0.1467424973119695,0.1572853470710747,TSRAG_ChronosBolt_variable_metrics.xlsx
benchmark_v1,tsrag,electricity,1 hour,115,115,2021,512,64,5197,0.06103287149696553,0.1250688925427409,TSRAG_ChronosBolt_variable_metrics.xlsx
benchmark_v1,chronos_bolt,electricity,1 hour,115,115,2021,512,64,5197,0.060764610016771844,0.1253818778827577,TSRAG_ChronosBolt_variable_metrics.xlsx
benchmark_v1,tsrag,electricity,1 hour,116,116,2021,512,64,5197,0.14087714554213954,0.24039658590253785,TSRAG_ChronosBolt_variable_metrics.xlsx
benchmark_v1,chronos_bolt,electricity,1 hour,116,116,2021,512,64,5197,0.1442628151391559,0.24332061349451026,TSRAG_ChronosBolt_variable_metrics.xlsx
benchmark_v1,tsrag,electricity,1 hour,117,117,2021,512,64,5197,0.19640006708102728,0.3072171090172533,TSRAG_ChronosBolt_variable_metrics.xlsx
benchmark_v1,chronos_bolt,electricity,1 hour,117,117,2021,512,64,5197,0.196888800207056,0.3067876580433821,TSRAG_ChronosBolt_variable_metrics.xlsx
benchmark_v1,tsrag,electricity,1 hour,118,118,2021,512,64,5197,0.12200562944479841,0.1750152811396574,TSRAG_ChronosBolt_variable_metrics.xlsx
benchmark_v1,chronos_bolt,electricity,1 hour,118,118,2021,512,64,5197,0.1393167922149493,0.17992777795843926,TSRAG_ChronosBolt_variable_metrics.xlsx
benchmark_v1,tsrag,electricity,1 hour,119,119,2021,512,64,5197,0.08932184483982301,0.18280267160423838,TSRAG_ChronosBolt_variable_metrics.xlsx
benchmark_v1,chronos_bolt,electricity,1 hour,119,119,2021,512,64,5197,0.09148141333660584,0.1847459322046965,TSRAG_ChronosBolt_variable_metrics.xlsx
benchmark_v1,tsrag,electricity,1 hour,120,120,2021,512,64,5197,0.1303825180767735,0.23463356478416808,TSRAG_ChronosBolt_variable_metrics.xlsx
benchmark_v1,chronos_bolt,electricity,1 hour,120,120,2021,512,64,5197,0.13017985306279503,0.23438438328299496,TSRAG_ChronosBolt_variable_metrics.xlsx
benchmark_v1,tsrag,electricity,1 hour,121,121,2021,512,64,5197,0.39827006847334406,0.46234574707248977,TSRAG_ChronosBolt_variable_metrics.xlsx
benchmark_v1,chronos_bolt,electricity,1 hour,121,121,2021,512,64,5197,0.40418633539014587,0.46468299094853505,TSRAG_ChronosBolt_variable_metrics.xlsx
benchmark_v1,tsrag,electricity,1 hour,122,122,2021,512,64,5197,0.15696642393900745,0.20317630200706494,TSRAG_ChronosBolt_variable_metrics.xlsx
benchmark_v1,chronos_bolt,electricity,1 hour,122,122,2021,512,64,5197,0.16163506957617935,0.20431459447656064,TSRAG_ChronosBolt_variable_metrics.xlsx
benchmark_v1,tsrag,electricity,1 hour,123,123,2021,512,64,5197,0.07175620508558811,0.13468666727643347,TSRAG_ChronosBolt_variable_metrics.xlsx
benchmark_v1,chronos_bolt,electricity,1 hour,123,123,2021,512,64,5197,0.07610942963710564,0.13705904272807684,TSRAG_ChronosBolt_variable_metrics.xlsx
benchmark_v1,tsrag,electricity,1 hour,124,124,2021,512,64,5197,0.021223835656895184,0.08084475131028371,TSRAG_ChronosBolt_variable_metrics.xlsx
benchmark_v1,chronos_bolt,electricity,1 hour,124,124,2021,512,64,5197,0.021414960219783032,0.08108704926169032,TSRAG_ChronosBolt_variable_metrics.xlsx
benchmark_v1,tsrag,electricity,1 hour,125,125,2021,512,64,5197,0.23888486015026372,0.35013402731863724,TSRAG_ChronosBolt_variable_metrics.xlsx
benchmark_v1,chronos_bolt,electricity,1 hour,125,125,2021,512,64,5197,0.2382320976938514,0.3484910663474643,TSRAG_ChronosBolt_variable_metrics.xlsx
benchmark_v1,tsrag,electricity,1 hour,126,126,2021,512,64,5197,0.11601545176161814,0.20398057745122694,TSRAG_ChronosBolt_variable_metrics.xlsx
benchmark_v1,chronos_bolt,electricity,1 hour,126,126,2021,512,64,5197,0.1167837483797646,0.203466717521514,TSRAG_ChronosBolt_variable_metrics.xlsx
benchmark_v1,tsrag,electricity,1 hour,127,127,2021,512,64,5197,0.19390359420450473,0.3238323795863108,TSRAG_ChronosBolt_variable_metrics.xlsx
benchmark_v1,chronos_bolt,electricity,1 hour,127,127,2021,512,64,5197,0.1927503199969401,0.3210762350466794,TSRAG_ChronosBolt_variable_metrics.xlsx
benchmark_v1,tsrag,electricity,1 hour,128,128,2021,512,64,5197,0.27766151366906255,0.37706675409857804,TSRAG_ChronosBolt_variable_metrics.xlsx
benchmark_v1,chronos_bolt,electricity,1 hour,128,128,2021,512,64,5197,0.2746910259832963,0.37322568918377796,TSRAG_ChronosBolt_variable_metrics.xlsx
benchmark_v1,tsrag,electricity,1 hour,129,129,2021,512,64,5197,0.09754680710365683,0.20560029800210705,TSRAG_ChronosBolt_variable_metrics.xlsx
benchmark_v1,chronos_bolt,electricity,1 hour,129,129,2021,512,64,5197,0.09778261619297637,0.2060370555719906,TSRAG_ChronosBolt_variable_metrics.xlsx
benchmark_v1,tsrag,electricity,1 hour,130,130,2021,512,64,5197,0.21526528552263452,0.26830809099618713,TSRAG_ChronosBolt_variable_metrics.xlsx
benchmark_v1,chronos_bolt,electricity,1 hour,130,130,2021,512,64,5197,0.21765629161318253,0.2692123554311499,TSRAG_ChronosBolt_variable_metrics.xlsx
benchmark_v1,tsrag,electricity,1 hour,131,131,2021,512,64,5197,0.10175444876510999,0.22428213355947005,TSRAG_ChronosBolt_variable_metrics.xlsx
benchmark_v1,chronos_bolt,electricity,1 hour,131,131,2021,512,64,5197,0.10201219875241486,0.22352529619923459,TSRAG_ChronosBolt_variable_metrics.xlsx
benchmark_v1,tsrag,electricity,1 hour,132,132,2021,512,64,5197,0.09040273549255612,0.19179883965143957,TSRAG_ChronosBolt_variable_metrics.xlsx
benchmark_v1,chronos_bolt,electricity,1 hour,132,132,2021,512,64,5197,0.09096976556188531,0.19213281948766686,TSRAG_ChronosBolt_variable_metrics.xlsx
benchmark_v1,tsrag,electricity,1 hour,133,133,2021,512,64,5197,0.2968087990560198,0.37744037594810365,TSRAG_ChronosBolt_variable_metrics.xlsx
benchmark_v1,chronos_bolt,electricity,1 hour,133,133,2021,512,64,5197,0.29416863598418347,0.3743585132425144,TSRAG_ChronosBolt_variable_metrics.xlsx
benchmark_v1,tsrag,electricity,1 hour,134,134,2021,512,64,5197,0.08863392750525978,0.17711129645951923,TSRAG_ChronosBolt_variable_metrics.xlsx
benchmark_v1,chronos_bolt,electricity,1 hour,134,134,2021,512,64,5197,0.08972100674869858,0.17806046254314986,TSRAG_ChronosBolt_variable_metrics.xlsx
benchmark_v1,tsrag,electricity,1 hour,135,135,2021,512,64,5197,0.05193032026996957,0.15422516264278016,TSRAG_ChronosBolt_variable_metrics.xlsx
benchmark_v1,chronos_bolt,electricity,1 hour,135,135,2021,512,64,5197,0.051824754488948147,0.15398723119574143,TSRAG_ChronosBolt_variable_metrics.xlsx
benchmark_v1,tsrag,electricity,1 hour,136,136,2021,512,64,5197,0.046799987344164816,0.1529072434002559,TSRAG_ChronosBolt_variable_metrics.xlsx
benchmark_v1,chronos_bolt,electricity,1 hour,136,136,2021,512,64,5197,0.04697435784924396,0.1530513318629363,TSRAG_ChronosBolt_variable_metrics.xlsx
benchmark_v1,tsrag,electricity,1 hour,137,137,2021,512,64,5197,0.06898016636115595,0.1877277324853183,TSRAG_ChronosBolt_variable_metrics.xlsx
benchmark_v1,chronos_bolt,electricity,1 hour,137,137,2021,512,64,5197,0.0690770706006666,0.188051118271177,TSRAG_ChronosBolt_variable_metrics.xlsx
benchmark_v1,tsrag,electricity,1 hour,138,138,2021,512,64,5197,0.060548891252444725,0.16373303765708813,TSRAG_ChronosBolt_variable_metrics.xlsx
benchmark_v1,chronos_bolt,electricity,1 hour,138,138,2021,512,64,5197,0.06027518010796642,0.16323260485133873,TSRAG_ChronosBolt_variable_metrics.xlsx
benchmark_v1,tsrag,electricity,1 hour,139,139,2021,512,64,5197,0.07885582240293731,0.18556541909082178,TSRAG_ChronosBolt_variable_metrics.xlsx
benchmark_v1,chronos_bolt,electricity,1 hour,139,139,2021,512,64,5197,0.07918913501956548,0.18531427086575206,TSRAG_ChronosBolt_variable_metrics.xlsx
benchmark_v1,tsrag,electricity,1 hour,140,140,2021,512,64,5197,0.1672391766133545,0.24480740649151486,TSRAG_ChronosBolt_variable_metrics.xlsx
benchmark_v1,chronos_bolt,electricity,1 hour,140,140,2021,512,64,5197,0.1735669633601924,0.2467045061819274,TSRAG_ChronosBolt_variable_metrics.xlsx
benchmark_v1,tsrag,electricity,1 hour,141,141,2021,512,64,5197,0.07825173071069667,0.16617170510835458,TSRAG_ChronosBolt_variable_metrics.xlsx
benchmark_v1,chronos_bolt,electricity,1 hour,141,141,2021,512,64,5197,0.07776289460766607,0.1660058673787328,TSRAG_ChronosBolt_variable_metrics.xlsx
benchmark_v1,tsrag,electricity,1 hour,142,142,2021,512,64,5197,0.05970805874626602,0.1654125107353711,TSRAG_ChronosBolt_variable_metrics.xlsx
benchmark_v1,chronos_bolt,electricity,1 hour,142,142,2021,512,64,5197,0.059337336031875236,0.1652312166408229,TSRAG_ChronosBolt_variable_metrics.xlsx
benchmark_v1,tsrag,electricity,1 hour,143,143,2021,512,64,5197,0.26933978797073305,0.36296928002039747,TSRAG_ChronosBolt_variable_metrics.xlsx
benchmark_v1,chronos_bolt,electricity,1 hour,143,143,2021,512,64,5197,0.27046740768638244,0.3631875974262176,TSRAG_ChronosBolt_variable_metrics.xlsx
benchmark_v1,tsrag,electricity,1 hour,144,144,2021,512,64,5197,0.07057126782718406,0.18483930199690363,TSRAG_ChronosBolt_variable_metrics.xlsx
benchmark_v1,chronos_bolt,electricity,1 hour,144,144,2021,512,64,5197,0.07044835190227973,0.18484281199022465,TSRAG_ChronosBolt_variable_metrics.xlsx
benchmark_v1,tsrag,electricity,1 hour,145,145,2021,512,64,5197,0.0547805863921096,0.15900396271803205,TSRAG_ChronosBolt_variable_metrics.xlsx
benchmark_v1,chronos_bolt,electricity,1 hour,145,145,2021,512,64,5197,0.05490052914209284,0.1586795133829392,TSRAG_ChronosBolt_variable_metrics.xlsx
benchmark_v1,tsrag,electricity,1 hour,146,146,2021,512,64,5197,0.03126645754529595,0.12531271982814043,TSRAG_ChronosBolt_variable_metrics.xlsx
benchmark_v1,chronos_bolt,electricity,1 hour,146,146,2021,512,64,5197,0.031376534212027254,0.12572003843587867,TSRAG_ChronosBolt_variable_metrics.xlsx
benchmark_v1,tsrag,electricity,1 hour,147,147,2021,512,64,5197,0.10988488123634439,0.17320425299203968,TSRAG_ChronosBolt_variable_metrics.xlsx
benchmark_v1,chronos_bolt,electricity,1 hour,147,147,2021,512,64,5197,0.11581481061445731,0.1747864978214124,TSRAG_ChronosBolt_variable_metrics.xlsx
benchmark_v1,tsrag,electricity,1 hour,148,148,2021,512,64,5197,0.08486401154993904,0.19670217849811683,TSRAG_ChronosBolt_variable_metrics.xlsx
benchmark_v1,chronos_bolt,electricity,1 hour,148,148,2021,512,64,5197,0.08556825417397325,0.1973526619169743,TSRAG_ChronosBolt_variable_metrics.xlsx
benchmark_v1,tsrag,electricity,1 hour,149,149,2021,512,64,5197,0.08154200551184122,0.1959644209078144,TSRAG_ChronosBolt_variable_metrics.xlsx
benchmark_v1,chronos_bolt,electricity,1 hour,149,149,2021,512,64,5197,0.08200836967960379,0.19610852712601543,TSRAG_ChronosBolt_variable_metrics.xlsx
benchmark_v1,tsrag,electricity,1 hour,150,150,2021,512,64,5197,0.06759920020553514,0.16385644101207134,TSRAG_ChronosBolt_variable_metrics.xlsx
benchmark_v1,chronos_bolt,electricity,1 hour,150,150,2021,512,64,5197,0.06721594354119141,0.16324761496849283,TSRAG_ChronosBolt_variable_metrics.xlsx
benchmark_v1,tsrag,electricity,1 hour,151,151,2021,512,64,5197,0.08660042535863804,0.20070624174591392,TSRAG_ChronosBolt_variable_metrics.xlsx
benchmark_v1,chronos_bolt,electricity,1 hour,151,151,2021,512,64,5197,0.08760330369934362,0.20156545998133993,TSRAG_ChronosBolt_variable_metrics.xlsx
benchmark_v1,tsrag,electricity,1 hour,152,152,2021,512,64,5197,0.0774616948405074,0.18348681544091167,TSRAG_ChronosBolt_variable_metrics.xlsx
benchmark_v1,chronos_bolt,electricity,1 hour,152,152,2021,512,64,5197,0.0779542044497835,0.18397881215940376,TSRAG_ChronosBolt_variable_metrics.xlsx
benchmark_v1,tsrag,electricity,1 hour,153,153,2021,512,64,5197,0.0851483892655505,0.20038523606573225,TSRAG_ChronosBolt_variable_metrics.xlsx
benchmark_v1,chronos_bolt,electricity,1 hour,153,153,2021,512,64,5197,0.0863198499411756,0.2015204458291918,TSRAG_ChronosBolt_variable_metrics.xlsx
benchmark_v1,tsrag,electricity,1 hour,154,154,2021,512,64,5197,0.10499827351262701,0.21411695465092845,TSRAG_ChronosBolt_variable_metrics.xlsx
benchmark_v1,chronos_bolt,electricity,1 hour,154,154,2021,512,64,5197,0.10570893575194903,0.21374614832090236,TSRAG_ChronosBolt_variable_metrics.xlsx
benchmark_v1,tsrag,electricity,1 hour,155,155,2021,512,64,5197,0.10106243278414774,0.2003012809609252,TSRAG_ChronosBolt_variable_metrics.xlsx
benchmark_v1,chronos_bolt,electricity,1 hour,155,155,2021,512,64,5197,0.10123134888871667,0.2001008432740566,TSRAG_ChronosBolt_variable_metrics.xlsx
benchmark_v1,tsrag,electricity,1 hour,156,156,2021,512,64,5197,0.08736533724249688,0.20614538753499476,TSRAG_ChronosBolt_variable_metrics.xlsx
benchmark_v1,chronos_bolt,electricity,1 hour,156,156,2021,512,64,5197,0.08793085339761036,0.20668038759399934,TSRAG_ChronosBolt_variable_metrics.xlsx
benchmark_v1,tsrag,electricity,1 hour,157,157,2021,512,64,5197,0.15012765997337643,0.2518815376138329,TSRAG_ChronosBolt_variable_metrics.xlsx
benchmark_v1,chronos_bolt,electricity,1 hour,157,157,2021,512,64,5197,0.1512395675300911,0.2514483159709394,TSRAG_ChronosBolt_variable_metrics.xlsx
benchmark_v1,tsrag,electricity,1 hour,158,158,2021,512,64,5197,0.07172927574650792,0.16694266953496079,TSRAG_ChronosBolt_variable_metrics.xlsx
benchmark_v1,chronos_bolt,electricity,1 hour,158,158,2021,512,64,5197,0.07170129663294637,0.16657916595021394,TSRAG_ChronosBolt_variable_metrics.xlsx
benchmark_v1,tsrag,electricity,1 hour,159,159,2021,512,64,5197,0.04386414152175641,0.14181639580244235,TSRAG_ChronosBolt_variable_metrics.xlsx
benchmark_v1,chronos_bolt,electricity,1 hour,159,159,2021,512,64,5197,0.043890698086857444,0.14149891344404963,TSRAG_ChronosBolt_variable_metrics.xlsx
benchmark_v1,tsrag,electricity,1 hour,160,160,2021,512,64,5197,0.09902390560494728,0.20520097646938967,TSRAG_ChronosBolt_variable_metrics.xlsx
benchmark_v1,chronos_bolt,electricity,1 hour,160,160,2021,512,64,5197,0.09930059198707296,0.20496802996397478,TSRAG_ChronosBolt_variable_metrics.xlsx
benchmark_v1,tsrag,electricity,1 hour,161,161,2021,512,64,5197,0.06281300480836816,0.16201841384846247,TSRAG_ChronosBolt_variable_metrics.xlsx
benchmark_v1,chronos_bolt,electricity,1 hour,161,161,2021,512,64,5197,0.06252591073554606,0.1604752224465563,TSRAG_ChronosBolt_variable_metrics.xlsx
benchmark_v1,tsrag,electricity,1 hour,162,162,2021,512,64,5197,0.08791183167916204,0.1746744439995057,TSRAG_ChronosBolt_variable_metrics.xlsx
benchmark_v1,chronos_bolt,electricity,1 hour,162,162,2021,512,64,5197,0.08846047165607741,0.17450208398761693,TSRAG_ChronosBolt_variable_metrics.xlsx
benchmark_v1,tsrag,electricity,1 hour,163,163,2021,512,64,5197,0.07702361894149619,0.19420783948500914,TSRAG_ChronosBolt_variable_metrics.xlsx
benchmark_v1,chronos_bolt,electricity,1 hour,163,163,2021,512,64,5197,0.07670458920749092,0.19311619043702893,TSRAG_ChronosBolt_variable_metrics.xlsx
benchmark_v1,tsrag,electricity,1 hour,164,164,2021,512,64,5197,0.09971718127397171,0.16310254277470412,TSRAG_ChronosBolt_variable_metrics.xlsx
benchmark_v1,chronos_bolt,electricity,1 hour,164,164,2021,512,64,5197,0.10903187026175652,0.16534119647240694,TSRAG_ChronosBolt_variable_metrics.xlsx
benchmark_v1,tsrag,electricity,1 hour,165,165,2021,512,64,5197,0.08452699465789323,0.20132060928604614,TSRAG_ChronosBolt_variable_metrics.xlsx
benchmark_v1,chronos_bolt,electricity,1 hour,165,165,2021,512,64,5197,0.08460218855748819,0.20056521604961217,TSRAG_ChronosBolt_variable_metrics.xlsx
benchmark_v1,tsrag,electricity,1 hour,166,166,2021,512,64,5197,0.10776093784968441,0.22117649737443745,TSRAG_ChronosBolt_variable_metrics.xlsx
benchmark_v1,chronos_bolt,electricity,1 hour,166,166,2021,512,64,5197,0.10806599576388193,0.22125743820830357,TSRAG_ChronosBolt_variable_metrics.xlsx
benchmark_v1,tsrag,electricity,1 hour,167,167,2021,512,64,5197,0.07783272405670573,0.18433675829128324,TSRAG_ChronosBolt_variable_metrics.xlsx
benchmark_v1,chronos_bolt,electricity,1 hour,167,167,2021,512,64,5197,0.07767582630438628,0.18358800196953867,TSRAG_ChronosBolt_variable_metrics.xlsx
benchmark_v1,tsrag,electricity,1 hour,168,168,2021,512,64,5197,0.07119718136958318,0.1923038588321757,TSRAG_ChronosBolt_variable_metrics.xlsx
benchmark_v1,chronos_bolt,electricity,1 hour,168,168,2021,512,64,5197,0.07129390124673853,0.1921063724339685,TSRAG_ChronosBolt_variable_metrics.xlsx
benchmark_v1,tsrag,electricity,1 hour,169,169,2021,512,64,5197,0.06309328367118253,0.1542655697276277,TSRAG_ChronosBolt_variable_metrics.xlsx
benchmark_v1,chronos_bolt,electricity,1 hour,169,169,2021,512,64,5197,0.0631916745610095,0.15345543543762466,TSRAG_ChronosBolt_variable_metrics.xlsx
benchmark_v1,tsrag,electricity,1 hour,170,170,2021,512,64,5197,0.07477539676846032,0.17964665761100276,TSRAG_ChronosBolt_variable_metrics.xlsx
benchmark_v1,chronos_bolt,electricity,1 hour,170,170,2021,512,64,5197,0.07485374754854944,0.18031024690721043,TSRAG_ChronosBolt_variable_metrics.xlsx
benchmark_v1,tsrag,electricity,1 hour,171,171,2021,512,64,5197,0.04059495135046125,0.1325944392858204,TSRAG_ChronosBolt_variable_metrics.xlsx
benchmark_v1,chronos_bolt,electricity,1 hour,171,171,2021,512,64,5197,0.040450002485232124,0.13183306018526747,TSRAG_ChronosBolt_variable_metrics.xlsx
benchmark_v1,tsrag,electricity,1 hour,172,172,2021,512,64,5197,0.07522481083024092,0.1859973355008073,TSRAG_ChronosBolt_variable_metrics.xlsx
benchmark_v1,chronos_bolt,electricity,1 hour,172,172,2021,512,64,5197,0.0752531300149772,0.18516731412953336,TSRAG_ChronosBolt_variable_metrics.xlsx
benchmark_v1,tsrag,electricity,1 hour,173,173,2021,512,64,5197,0.08078042823701777,0.1725293766224765,TSRAG_ChronosBolt_variable_metrics.xlsx
benchmark_v1,chronos_bolt,electricity,1 hour,173,173,2021,512,64,5197,0.08089211983008575,0.17221925815157715,TSRAG_ChronosBolt_variable_metrics.xlsx
benchmark_v1,tsrag,electricity,1 hour,174,174,2021,512,64,5197,0.047398620643053536,0.1361181646490845,TSRAG_ChronosBolt_variable_metrics.xlsx
benchmark_v1,chronos_bolt,electricity,1 hour,174,174,2021,512,64,5197,0.047642518135157914,0.13566808209356515,TSRAG_ChronosBolt_variable_metrics.xlsx
benchmark_v1,tsrag,electricity,1 hour,175,175,2021,512,64,5197,0.030546616513200703,0.10805249058623394,TSRAG_ChronosBolt_variable_metrics.xlsx
benchmark_v1,chronos_bolt,electricity,1 hour,175,175,2021,512,64,5197,0.029906836331957096,0.10666263302688142,TSRAG_ChronosBolt_variable_metrics.xlsx
benchmark_v1,tsrag,electricity,1 hour,176,176,2021,512,64,5197,0.05552219453022065,0.14892224387647626,TSRAG_ChronosBolt_variable_metrics.xlsx
benchmark_v1,chronos_bolt,electricity,1 hour,176,176,2021,512,64,5197,0.05566871611550895,0.14887007981057074,TSRAG_ChronosBolt_variable_metrics.xlsx
benchmark_v1,tsrag,electricity,1 hour,177,177,2021,512,64,5197,0.064936279322094,0.1696553465881404,TSRAG_ChronosBolt_variable_metrics.xlsx
benchmark_v1,chronos_bolt,electricity,1 hour,177,177,2021,512,64,5197,0.06526142692860744,0.1698104815365134,TSRAG_ChronosBolt_variable_metrics.xlsx
benchmark_v1,tsrag,electricity,1 hour,178,178,2021,512,64,5197,0.09034670397839266,0.19569584286159017,TSRAG_ChronosBolt_variable_metrics.xlsx
benchmark_v1,chronos_bolt,electricity,1 hour,178,178,2021,512,64,5197,0.0910169017177354,0.1954801188599428,TSRAG_ChronosBolt_variable_metrics.xlsx
benchmark_v1,tsrag,electricity,1 hour,179,179,2021,512,64,5197,0.08014296380720913,0.165599586649631,TSRAG_ChronosBolt_variable_metrics.xlsx
benchmark_v1,chronos_bolt,electricity,1 hour,179,179,2021,512,64,5197,0.08013737786585264,0.1643661152372882,TSRAG_ChronosBolt_variable_metrics.xlsx
benchmark_v1,tsrag,electricity,1 hour,180,180,2021,512,64,5197,0.05565046271166252,0.15689827608866075,TSRAG_ChronosBolt_variable_metrics.xlsx
benchmark_v1,chronos_bolt,electricity,1 hour,180,180,2021,512,64,5197,0.055631414855432,0.15621039002262127,TSRAG_ChronosBolt_variable_metrics.xlsx
benchmark_v1,tsrag,electricity,1 hour,181,181,2021,512,64,5197,0.041769233860372235,0.13357069853844494,TSRAG_ChronosBolt_variable_metrics.xlsx
benchmark_v1,chronos_bolt,electricity,1 hour,181,181,2021,512,64,5197,0.041454591880238326,0.133331939618198,TSRAG_ChronosBolt_variable_metrics.xlsx
benchmark_v1,tsrag,electricity,1 hour,182,182,2021,512,64,5197,0.0,0.0,TSRAG_ChronosBolt_variable_metrics.xlsx
benchmark_v1,chronos_bolt,electricity,1 hour,182,182,2021,512,64,5197,0.0,0.0,TSRAG_ChronosBolt_variable_metrics.xlsx
benchmark_v1,tsrag,electricity,1 hour,183,183,2021,512,64,5197,0.029354645191264055,0.11657470656669619,TSRAG_ChronosBolt_variable_metrics.xlsx
benchmark_v1,chronos_bolt,electricity,1 hour,183,183,2021,512,64,5197,0.02931867076967672,0.11620281013587197,TSRAG_ChronosBolt_variable_metrics.xlsx
benchmark_v1,tsrag,electricity,1 hour,184,184,2021,512,64,5197,0.1292111714927335,0.2584607962383452,TSRAG_ChronosBolt_variable_metrics.xlsx
benchmark_v1,chronos_bolt,electricity,1 hour,184,184,2021,512,64,5197,0.12940524149544885,0.2591708332102345,TSRAG_ChronosBolt_variable_metrics.xlsx
benchmark_v1,tsrag,electricity,1 hour,185,185,2021,512,64,5197,0.04159061950182534,0.128638063012487,TSRAG_ChronosBolt_variable_metrics.xlsx
benchmark_v1,chronos_bolt,electricity,1 hour,185,185,2021,512,64,5197,0.04151016718383441,0.12787424179311208,TSRAG_ChronosBolt_variable_metrics.xlsx
benchmark_v1,tsrag,electricity,1 hour,186,186,2021,512,64,5197,0.04151857519598112,0.13973239603907026,TSRAG_ChronosBolt_variable_metrics.xlsx
benchmark_v1,chronos_bolt,electricity,1 hour,186,186,2021,512,64,5197,0.041519635670569474,0.13895237742019476,TSRAG_ChronosBolt_variable_metrics.xlsx
benchmark_v1,tsrag,electricity,1 hour,187,187,2021,512,64,5197,0.09794846315034363,0.1324447156674694,TSRAG_ChronosBolt_variable_metrics.xlsx
benchmark_v1,chronos_bolt,electricity,1 hour,187,187,2021,512,64,5197,0.11763073511663426,0.1357671988367094,TSRAG_ChronosBolt_variable_metrics.xlsx
benchmark_v1,tsrag,electricity,1 hour,188,188,2021,512,64,5197,0.14686509125613498,0.251130304404846,TSRAG_ChronosBolt_variable_metrics.xlsx
benchmark_v1,chronos_bolt,electricity,1 hour,188,188,2021,512,64,5197,0.1474720587979372,0.2508164560875687,TSRAG_ChronosBolt_variable_metrics.xlsx
benchmark_v1,tsrag,electricity,1 hour,189,189,2021,512,64,5197,0.07909793148375653,0.16863482544398983,TSRAG_ChronosBolt_variable_metrics.xlsx
benchmark_v1,chronos_bolt,electricity,1 hour,189,189,2021,512,64,5197,0.07937922909223612,0.1687812054963818,TSRAG_ChronosBolt_variable_metrics.xlsx
benchmark_v1,tsrag,electricity,1 hour,190,190,2021,512,64,5197,0.04280077299106366,0.14118863498565898,TSRAG_ChronosBolt_variable_metrics.xlsx
benchmark_v1,chronos_bolt,electricity,1 hour,190,190,2021,512,64,5197,0.042818654012469023,0.14054628754848583,TSRAG_ChronosBolt_variable_metrics.xlsx
benchmark_v1,tsrag,electricity,1 hour,191,191,2021,512,64,5197,0.033367514881291596,0.1199203474873278,TSRAG_ChronosBolt_variable_metrics.xlsx
benchmark_v1,chronos_bolt,electricity,1 hour,191,191,2021,512,64,5197,0.033332088532331994,0.1195094484634438,TSRAG_ChronosBolt_variable_metrics.xlsx
benchmark_v1,tsrag,electricity,1 hour,192,192,2021,512,64,5197,0.08578578585714722,0.19209991781550323,TSRAG_ChronosBolt_variable_metrics.xlsx
benchmark_v1,chronos_bolt,electricity,1 hour,192,192,2021,512,64,5197,0.08622950507940433,0.19199883917191407,TSRAG_ChronosBolt_variable_metrics.xlsx
benchmark_v1,tsrag,electricity,1 hour,193,193,2021,512,64,5197,0.07845740603368707,0.16389341304666127,TSRAG_ChronosBolt_variable_metrics.xlsx
benchmark_v1,chronos_bolt,electricity,1 hour,193,193,2021,512,64,5197,0.07894380264368057,0.164198971507049,TSRAG_ChronosBolt_variable_metrics.xlsx
benchmark_v1,tsrag,electricity,1 hour,194,194,2021,512,64,5197,0.12547647893286873,0.18720798827643254,TSRAG_ChronosBolt_variable_metrics.xlsx
benchmark_v1,chronos_bolt,electricity,1 hour,194,194,2021,512,64,5197,0.13210162097738354,0.1895037092338715,TSRAG_ChronosBolt_variable_metrics.xlsx
benchmark_v1,tsrag,electricity,1 hour,195,195,2021,512,64,5197,0.0670460197430879,0.17592465034772942,TSRAG_ChronosBolt_variable_metrics.xlsx
benchmark_v1,chronos_bolt,electricity,1 hour,195,195,2021,512,64,5197,0.06732604711296634,0.17538076821389922,TSRAG_ChronosBolt_variable_metrics.xlsx
benchmark_v1,tsrag,electricity,1 hour,196,196,2021,512,64,5197,0.13013003597690814,0.24370063931518318,TSRAG_ChronosBolt_variable_metrics.xlsx
benchmark_v1,chronos_bolt,electricity,1 hour,196,196,2021,512,64,5197,0.13108489898957953,0.24436932712885104,TSRAG_ChronosBolt_variable_metrics.xlsx
benchmark_v1,tsrag,electricity,1 hour,197,197,2021,512,64,5197,0.07547183210406168,0.19980142495656028,TSRAG_ChronosBolt_variable_metrics.xlsx
benchmark_v1,chronos_bolt,electricity,1 hour,197,197,2021,512,64,5197,0.07577751713525521,0.19986567856722068,TSRAG_ChronosBolt_variable_metrics.xlsx
benchmark_v1,tsrag,electricity,1 hour,198,198,2021,512,64,5197,0.07167070910240685,0.18039453707740058,TSRAG_ChronosBolt_variable_metrics.xlsx
benchmark_v1,chronos_bolt,electricity,1 hour,198,198,2021,512,64,5197,0.07186351059306086,0.18039208758398045,TSRAG_ChronosBolt_variable_metrics.xlsx
benchmark_v1,tsrag,electricity,1 hour,199,199,2021,512,64,5197,0.07779984623433873,0.18925557873622714,TSRAG_ChronosBolt_variable_metrics.xlsx
benchmark_v1,chronos_bolt,electricity,1 hour,199,199,2021,512,64,5197,0.07769842092478238,0.1885646078645988,TSRAG_ChronosBolt_variable_metrics.xlsx
benchmark_v1,tsrag,electricity,1 hour,200,200,2021,512,64,5197,0.10395844060074977,0.1876464118410102,TSRAG_ChronosBolt_variable_metrics.xlsx
benchmark_v1,chronos_bolt,electricity,1 hour,200,200,2021,512,64,5197,0.10438706411252345,0.18710743673167277,TSRAG_ChronosBolt_variable_metrics.xlsx
benchmark_v1,tsrag,electricity,1 hour,201,201,2021,512,64,5197,0.059283705734860526,0.1657154595012364,TSRAG_ChronosBolt_variable_metrics.xlsx
benchmark_v1,chronos_bolt,electricity,1 hour,201,201,2021,512,64,5197,0.059172919256785056,0.16547279963504588,TSRAG_ChronosBolt_variable_metrics.xlsx
benchmark_v1,tsrag,electricity,1 hour,202,202,2021,512,64,5197,0.06417600630965511,0.1720001044320629,TSRAG_ChronosBolt_variable_metrics.xlsx
benchmark_v1,chronos_bolt,electricity,1 hour,202,202,2021,512,64,5197,0.06426972970534929,0.17200557927982565,TSRAG_ChronosBolt_variable_metrics.xlsx
benchmark_v1,tsrag,electricity,1 hour,203,203,2021,512,64,5197,0.0974276158843983,0.21143182183008183,TSRAG_ChronosBolt_variable_metrics.xlsx
benchmark_v1,chronos_bolt,electricity,1 hour,203,203,2021,512,64,5197,0.09732362921734096,0.21064602868365903,TSRAG_ChronosBolt_variable_metrics.xlsx
benchmark_v1,tsrag,electricity,1 hour,204,204,2021,512,64,5197,0.11758614794161383,0.18672743387776933,TSRAG_ChronosBolt_variable_metrics.xlsx
benchmark_v1,chronos_bolt,electricity,1 hour,204,204,2021,512,64,5197,0.122535721038063,0.18729131377994016,TSRAG_ChronosBolt_variable_metrics.xlsx
benchmark_v1,tsrag,electricity,1 hour,205,205,2021,512,64,5197,0.07921350520537485,0.1694230028622215,TSRAG_ChronosBolt_variable_metrics.xlsx
benchmark_v1,chronos_bolt,electricity,1 hour,205,205,2021,512,64,5197,0.07930009922900463,0.16859209274004716,TSRAG_ChronosBolt_variable_metrics.xlsx
benchmark_v1,tsrag,electricity,1 hour,206,206,2021,512,64,5197,0.03982402222406292,0.1299408968055629,TSRAG_ChronosBolt_variable_metrics.xlsx
benchmark_v1,chronos_bolt,electricity,1 hour,206,206,2021,512,64,5197,0.03987270464777677,0.1298968106951247,TSRAG_ChronosBolt_variable_metrics.xlsx
benchmark_v1,tsrag,electricity,1 hour,207,207,2021,512,64,5197,0.06924191456179143,0.17077479444190427,TSRAG_ChronosBolt_variable_metrics.xlsx
benchmark_v1,chronos_bolt,electricity,1 hour,207,207,2021,512,64,5197,0.06941843832829923,0.1709443790207683,TSRAG_ChronosBolt_variable_metrics.xlsx
benchmark_v1,tsrag,electricity,1 hour,208,208,2021,512,64,5197,0.04066711993567604,0.13654664567764366,TSRAG_ChronosBolt_variable_metrics.xlsx
benchmark_v1,chronos_bolt,electricity,1 hour,208,208,2021,512,64,5197,0.040670279881542225,0.13655039397628693,TSRAG_ChronosBolt_variable_metrics.xlsx
benchmark_v1,tsrag,electricity,1 hour,209,209,2021,512,64,5197,0.058464184717384696,0.16260978460673164,TSRAG_ChronosBolt_variable_metrics.xlsx
benchmark_v1,chronos_bolt,electricity,1 hour,209,209,2021,512,64,5197,0.05836065040285917,0.16162313631011221,TSRAG_ChronosBolt_variable_metrics.xlsx
benchmark_v1,tsrag,electricity,1 hour,210,210,2021,512,64,5197,0.057722833785587735,0.14646472511012004,TSRAG_ChronosBolt_variable_metrics.xlsx
benchmark_v1,chronos_bolt,electricity,1 hour,210,210,2021,512,64,5197,0.05719241944783415,0.144956989624918,TSRAG_ChronosBolt_variable_metrics.xlsx
benchmark_v1,tsrag,electricity,1 hour,211,211,2021,512,64,5197,0.07370687028061981,0.1647839080725114,TSRAG_ChronosBolt_variable_metrics.xlsx
benchmark_v1,chronos_bolt,electricity,1 hour,211,211,2021,512,64,5197,0.07387594929406173,0.16457229149408678,TSRAG_ChronosBolt_variable_metrics.xlsx
benchmark_v1,tsrag,electricity,1 hour,212,212,2021,512,64,5197,0.04751728352590068,0.14781946302240162,TSRAG_ChronosBolt_variable_metrics.xlsx
benchmark_v1,chronos_bolt,electricity,1 hour,212,212,2021,512,64,5197,0.04689222668710295,0.14683331124239388,TSRAG_ChronosBolt_variable_metrics.xlsx
benchmark_v1,tsrag,electricity,1 hour,213,213,2021,512,64,5197,0.0443472705875721,0.13877697710047462,TSRAG_ChronosBolt_variable_metrics.xlsx
benchmark_v1,chronos_bolt,electricity,1 hour,213,213,2021,512,64,5197,0.0442400928891368,0.13883923371110096,TSRAG_ChronosBolt_variable_metrics.xlsx
benchmark_v1,tsrag,electricity,1 hour,214,214,2021,512,64,5197,0.047780364326744186,0.15524299251234988,TSRAG_ChronosBolt_variable_metrics.xlsx
benchmark_v1,chronos_bolt,electricity,1 hour,214,214,2021,512,64,5197,0.04741490337093054,0.15463093564714264,TSRAG_ChronosBolt_variable_metrics.xlsx
benchmark_v1,tsrag,electricity,1 hour,215,215,2021,512,64,5197,0.058746255694822044,0.16299974311796178,TSRAG_ChronosBolt_variable_metrics.xlsx
benchmark_v1,chronos_bolt,electricity,1 hour,215,215,2021,512,64,5197,0.05851042107280221,0.16239721490020406,TSRAG_ChronosBolt_variable_metrics.xlsx
benchmark_v1,tsrag,electricity,1 hour,216,216,2021,512,64,5197,0.09105661821515601,0.20864509547131782,TSRAG_ChronosBolt_variable_metrics.xlsx
benchmark_v1,chronos_bolt,electricity,1 hour,216,216,2021,512,64,5197,0.09090415867716102,0.20846186052131177,TSRAG_ChronosBolt_variable_metrics.xlsx
benchmark_v1,tsrag,electricity,1 hour,217,217,2021,512,64,5197,0.040168728011884106,0.13056327963571537,TSRAG_ChronosBolt_variable_metrics.xlsx
benchmark_v1,chronos_bolt,electricity,1 hour,217,217,2021,512,64,5197,0.04003762225587296,0.13014455475751793,TSRAG_ChronosBolt_variable_metrics.xlsx
benchmark_v1,tsrag,electricity,1 hour,218,218,2021,512,64,5197,0.08090445524010265,0.179561835419611,TSRAG_ChronosBolt_variable_metrics.xlsx
benchmark_v1,chronos_bolt,electricity,1 hour,218,218,2021,512,64,5197,0.08106301591726411,0.17954893188423116,TSRAG_ChronosBolt_variable_metrics.xlsx
benchmark_v1,tsrag,electricity,1 hour,219,219,2021,512,64,5197,0.07480403169601071,0.18156657651660305,TSRAG_ChronosBolt_variable_metrics.xlsx
benchmark_v1,chronos_bolt,electricity,1 hour,219,219,2021,512,64,5197,0.07491722150458632,0.18045865369171094,TSRAG_ChronosBolt_variable_metrics.xlsx
benchmark_v1,tsrag,electricity,1 hour,220,220,2021,512,64,5197,0.0670328996770015,0.17019613161582728,TSRAG_ChronosBolt_variable_metrics.xlsx
benchmark_v1,chronos_bolt,electricity,1 hour,220,220,2021,512,64,5197,0.06746053397806018,0.17010575082753057,TSRAG_ChronosBolt_variable_metrics.xlsx
benchmark_v1,tsrag,electricity,1 hour,221,221,2021,512,64,5197,0.07958316602090965,0.18933017385311027,TSRAG_ChronosBolt_variable_metrics.xlsx
benchmark_v1,chronos_bolt,electricity,1 hour,221,221,2021,512,64,5197,0.07919637251904096,0.18768110011136369,TSRAG_ChronosBolt_variable_metrics.xlsx
benchmark_v1,tsrag,electricity,1 hour,222,222,2021,512,64,5197,0.06605830469020163,0.18704145027968616,TSRAG_ChronosBolt_variable_metrics.xlsx
benchmark_v1,chronos_bolt,electricity,1 hour,222,222,2021,512,64,5197,0.06582430559458677,0.1865292722336003,TSRAG_ChronosBolt_variable_metrics.xlsx
benchmark_v1,tsrag,electricity,1 hour,223,223,2021,512,64,5197,0.07719677097719806,0.2008797795437771,TSRAG_ChronosBolt_variable_metrics.xlsx
benchmark_v1,chronos_bolt,electricity,1 hour,223,223,2021,512,64,5197,0.07703314728465749,0.20007534886962844,TSRAG_ChronosBolt_variable_metrics.xlsx
benchmark_v1,tsrag,electricity,1 hour,224,224,2021,512,64,5197,0.05795846435361288,0.14211632446248829,TSRAG_ChronosBolt_variable_metrics.xlsx
benchmark_v1,chronos_bolt,electricity,1 hour,224,224,2021,512,64,5197,0.05944833583971752,0.14235568332220813,TSRAG_ChronosBolt_variable_metrics.xlsx
benchmark_v1,tsrag,electricity,1 hour,225,225,2021,512,64,5197,0.07175936352266961,0.1497118020685035,TSRAG_ChronosBolt_variable_metrics.xlsx
benchmark_v1,chronos_bolt,electricity,1 hour,225,225,2021,512,64,5197,0.07222610470099271,0.14972491593404597,TSRAG_ChronosBolt_variable_metrics.xlsx
benchmark_v1,tsrag,electricity,1 hour,226,226,2021,512,64,5197,0.061108091184846114,0.169260289120759,TSRAG_ChronosBolt_variable_metrics.xlsx
benchmark_v1,chronos_bolt,electricity,1 hour,226,226,2021,512,64,5197,0.06060971283727147,0.1675019299932941,TSRAG_ChronosBolt_variable_metrics.xlsx
benchmark_v1,tsrag,electricity,1 hour,227,227,2021,512,64,5197,0.05143409238904944,0.14606064428142201,TSRAG_ChronosBolt_variable_metrics.xlsx
benchmark_v1,chronos_bolt,electricity,1 hour,227,227,2021,512,64,5197,0.05118639675489246,0.14539143812984417,TSRAG_ChronosBolt_variable_metrics.xlsx
benchmark_v1,tsrag,electricity,1 hour,228,228,2021,512,64,5197,0.04993962048527304,0.15447839810707395,TSRAG_ChronosBolt_variable_metrics.xlsx
benchmark_v1,chronos_bolt,electricity,1 hour,228,228,2021,512,64,5197,0.04994892316200348,0.1543398383178343,TSRAG_ChronosBolt_variable_metrics.xlsx
benchmark_v1,tsrag,electricity,1 hour,229,229,2021,512,64,5197,0.08319796032550225,0.1883207781382632,TSRAG_ChronosBolt_variable_metrics.xlsx
benchmark_v1,chronos_bolt,electricity,1 hour,229,229,2021,512,64,5197,0.08333803154089091,0.18818226704230234,TSRAG_ChronosBolt_variable_metrics.xlsx
benchmark_v1,tsrag,electricity,1 hour,230,230,2021,512,64,5197,0.07849125516026917,0.17207109186011987,TSRAG_ChronosBolt_variable_metrics.xlsx
benchmark_v1,chronos_bolt,electricity,1 hour,230,230,2021,512,64,5197,0.07882248529732838,0.17203700542234907,TSRAG_ChronosBolt_variable_metrics.xlsx
benchmark_v1,tsrag,electricity,1 hour,231,231,2021,512,64,5197,0.07318616995531675,0.19076663820542164,TSRAG_ChronosBolt_variable_metrics.xlsx
benchmark_v1,chronos_bolt,electricity,1 hour,231,231,2021,512,64,5197,0.07352050860233753,0.1912034554695519,TSRAG_ChronosBolt_variable_metrics.xlsx
benchmark_v1,tsrag,electricity,1 hour,232,232,2021,512,64,5197,0.083933488355456,0.18206269106504572,TSRAG_ChronosBolt_variable_metrics.xlsx
benchmark_v1,chronos_bolt,electricity,1 hour,232,232,2021,512,64,5197,0.08428114950819966,0.18165679014638592,TSRAG_ChronosBolt_variable_metrics.xlsx
benchmark_v1,tsrag,electricity,1 hour,233,233,2021,512,64,5197,0.05113828028400807,0.15918391630016246,TSRAG_ChronosBolt_variable_metrics.xlsx
benchmark_v1,chronos_bolt,electricity,1 hour,233,233,2021,512,64,5197,0.05097670388874473,0.15856157431917647,TSRAG_ChronosBolt_variable_metrics.xlsx
benchmark_v1,tsrag,electricity,1 hour,234,234,2021,512,64,5197,0.040825547210421295,0.14606765596088891,TSRAG_ChronosBolt_variable_metrics.xlsx
benchmark_v1,chronos_bolt,electricity,1 hour,234,234,2021,512,64,5197,0.040520295545914686,0.14522342779615394,TSRAG_ChronosBolt_variable_metrics.xlsx
benchmark_v1,tsrag,electricity,1 hour,235,235,2021,512,64,5197,0.04856622840206348,0.15050687262426782,TSRAG_ChronosBolt_variable_metrics.xlsx
benchmark_v1,chronos_bolt,electricity,1 hour,235,235,2021,512,64,5197,0.04837451870622189,0.1500894867897332,TSRAG_ChronosBolt_variable_metrics.xlsx
benchmark_v1,tsrag,electricity,1 hour,236,236,2021,512,64,5197,0.13298913749941632,0.19141943745884227,TSRAG_ChronosBolt_variable_metrics.xlsx
benchmark_v1,chronos_bolt,electricity,1 hour,236,236,2021,512,64,5197,0.1530162035205346,0.19500271911624076,TSRAG_ChronosBolt_variable_metrics.xlsx
benchmark_v1,tsrag,electricity,1 hour,237,237,2021,512,64,5197,0.06231925875650622,0.15624548999740684,TSRAG_ChronosBolt_variable_metrics.xlsx
benchmark_v1,chronos_bolt,electricity,1 hour,237,237,2021,512,64,5197,0.06214994305774515,0.15561150738240803,TSRAG_ChronosBolt_variable_metrics.xlsx
benchmark_v1,tsrag,electricity,1 hour,238,238,2021,512,64,5197,0.0504228697859621,0.15702407799370133,TSRAG_ChronosBolt_variable_metrics.xlsx
benchmark_v1,chronos_bolt,electricity,1 hour,238,238,2021,512,64,5197,0.050669884953410585,0.15714264377358098,TSRAG_ChronosBolt_variable_metrics.xlsx
benchmark_v1,tsrag,electricity,1 hour,239,239,2021,512,64,5197,0.10871136254149462,0.16529810244111068,TSRAG_ChronosBolt_variable_metrics.xlsx
benchmark_v1,chronos_bolt,electricity,1 hour,239,239,2021,512,64,5197,0.12411138136387846,0.1684233090247653,TSRAG_ChronosBolt_variable_metrics.xlsx
benchmark_v1,tsrag,electricity,1 hour,240,240,2021,512,64,5197,0.056434710940881226,0.16483811402185528,TSRAG_ChronosBolt_variable_metrics.xlsx
benchmark_v1,chronos_bolt,electricity,1 hour,240,240,2021,512,64,5197,0.05630355855324233,0.16466629357493473,TSRAG_ChronosBolt_variable_metrics.xlsx
benchmark_v1,tsrag,electricity,1 hour,241,241,2021,512,64,5197,0.05822279806009965,0.16682341797623196,TSRAG_ChronosBolt_variable_metrics.xlsx
benchmark_v1,chronos_bolt,electricity,1 hour,241,241,2021,512,64,5197,0.05806385401574716,0.16621977510172656,TSRAG_ChronosBolt_variable_metrics.xlsx
benchmark_v1,tsrag,electricity,1 hour,242,242,2021,512,64,5197,0.04062713807180297,0.13074387094568285,TSRAG_ChronosBolt_variable_metrics.xlsx
benchmark_v1,chronos_bolt,electricity,1 hour,242,242,2021,512,64,5197,0.039947428845484884,0.12961352663356593,TSRAG_ChronosBolt_variable_metrics.xlsx
benchmark_v1,tsrag,electricity,1 hour,243,243,2021,512,64,5197,0.06636991678585319,0.16661795087076964,TSRAG_ChronosBolt_variable_metrics.xlsx
benchmark_v1,chronos_bolt,electricity,1 hour,243,243,2021,512,64,5197,0.06668508591369433,0.16684772487825125,TSRAG_ChronosBolt_variable_metrics.xlsx
benchmark_v1,tsrag,electricity,1 hour,244,244,2021,512,64,5197,0.03986288484374815,0.13096688770593554,TSRAG_ChronosBolt_variable_metrics.xlsx
benchmark_v1,chronos_bolt,electricity,1 hour,244,244,2021,512,64,5197,0.03945354243549767,0.1297759202882226,TSRAG_ChronosBolt_variable_metrics.xlsx
benchmark_v1,tsrag,electricity,1 hour,245,245,2021,512,64,5197,0.566625887666732,0.35681879635106745,TSRAG_ChronosBolt_variable_metrics.xlsx
benchmark_v1,chronos_bolt,electricity,1 hour,245,245,2021,512,64,5197,0.557289295573543,0.35231799196451186,TSRAG_ChronosBolt_variable_metrics.xlsx
benchmark_v1,tsrag,electricity,1 hour,246,246,2021,512,64,5197,0.06612991241511328,0.17973696531207142,TSRAG_ChronosBolt_variable_metrics.xlsx
benchmark_v1,chronos_bolt,electricity,1 hour,246,246,2021,512,64,5197,0.06689469028412665,0.1806200272662607,TSRAG_ChronosBolt_variable_metrics.xlsx
benchmark_v1,tsrag,electricity,1 hour,247,247,2021,512,64,5197,0.07947088009162616,0.18339003999576858,TSRAG_ChronosBolt_variable_metrics.xlsx
benchmark_v1,chronos_bolt,electricity,1 hour,247,247,2021,512,64,5197,0.07980784801880966,0.1835607684616839,TSRAG_ChronosBolt_variable_metrics.xlsx
benchmark_v1,tsrag,electricity,1 hour,248,248,2021,512,64,5197,0.11372861158972249,0.21764349628061383,TSRAG_ChronosBolt_variable_metrics.xlsx
benchmark_v1,chronos_bolt,electricity,1 hour,248,248,2021,512,64,5197,0.11448818919307478,0.21760316025368956,TSRAG_ChronosBolt_variable_metrics.xlsx
benchmark_v1,tsrag,electricity,1 hour,249,249,2021,512,64,5197,0.054954964368646594,0.1615272298690354,TSRAG_ChronosBolt_variable_metrics.xlsx
benchmark_v1,chronos_bolt,electricity,1 hour,249,249,2021,512,64,5197,0.0551749611718192,0.16195202321072186,TSRAG_ChronosBolt_variable_metrics.xlsx
benchmark_v1,tsrag,electricity,1 hour,250,250,2021,512,64,5197,0.0617308873371937,0.16277266533753953,TSRAG_ChronosBolt_variable_metrics.xlsx
benchmark_v1,chronos_bolt,electricity,1 hour,250,250,2021,512,64,5197,0.06186956064044434,0.16252479694062572,TSRAG_ChronosBolt_variable_metrics.xlsx
benchmark_v1,tsrag,electricity,1 hour,251,251,2021,512,64,5197,0.09188714784734726,0.2112135792038912,TSRAG_ChronosBolt_variable_metrics.xlsx
benchmark_v1,chronos_bolt,electricity,1 hour,251,251,2021,512,64,5197,0.09231923682744546,0.21149995621549686,TSRAG_ChronosBolt_variable_metrics.xlsx
benchmark_v1,tsrag,electricity,1 hour,252,252,2021,512,64,5197,0.06058677252622532,0.16880063444364524,TSRAG_ChronosBolt_variable_metrics.xlsx
benchmark_v1,chronos_bolt,electricity,1 hour,252,252,2021,512,64,5197,0.06087710081730651,0.16924857817431105,TSRAG_ChronosBolt_variable_metrics.xlsx
benchmark_v1,tsrag,electricity,1 hour,253,253,2021,512,64,5197,0.10405980388506493,0.21097782813191804,TSRAG_ChronosBolt_variable_metrics.xlsx
benchmark_v1,chronos_bolt,electricity,1 hour,253,253,2021,512,64,5197,0.10431080583353237,0.21061057567292507,TSRAG_ChronosBolt_variable_metrics.xlsx
benchmark_v1,tsrag,electricity,1 hour,254,254,2021,512,64,5197,0.05120878349161731,0.1548561361493435,TSRAG_ChronosBolt_variable_metrics.xlsx
benchmark_v1,chronos_bolt,electricity,1 hour,254,254,2021,512,64,5197,0.051081003008880924,0.15454626105021851,TSRAG_ChronosBolt_variable_metrics.xlsx
benchmark_v1,tsrag,electricity,1 hour,255,255,2021,512,64,5197,0.12879096339776616,0.23039738176584426,TSRAG_ChronosBolt_variable_metrics.xlsx
benchmark_v1,chronos_bolt,electricity,1 hour,255,255,2021,512,64,5197,0.12896065183603203,0.23012883439645737,TSRAG_ChronosBolt_variable_metrics.xlsx
benchmark_v1,tsrag,electricity,1 hour,256,256,2021,512,64,5197,0.08141475675399283,0.18883426254050695,TSRAG_ChronosBolt_variable_metrics.xlsx
benchmark_v1,chronos_bolt,electricity,1 hour,256,256,2021,512,64,5197,0.08162385583596263,0.18848298581656478,TSRAG_ChronosBolt_variable_metrics.xlsx
benchmark_v1,tsrag,electricity,1 hour,257,257,2021,512,64,5197,0.05572484918908202,0.16173547969251864,TSRAG_ChronosBolt_variable_metrics.xlsx
benchmark_v1,chronos_bolt,electricity,1 hour,257,257,2021,512,64,5197,0.05524701923321899,0.16028837884145675,TSRAG_ChronosBolt_variable_metrics.xlsx
benchmark_v1,tsrag,electricity,1 hour,258,258,2021,512,64,5197,0.05673057808239161,0.1548330492458482,TSRAG_ChronosBolt_variable_metrics.xlsx
benchmark_v1,chronos_bolt,electricity,1 hour,258,258,2021,512,64,5197,0.05664644038173151,0.15461014989926217,TSRAG_ChronosBolt_variable_metrics.xlsx
benchmark_v1,tsrag,electricity,1 hour,259,259,2021,512,64,5197,0.07059286598923294,0.1847890412819507,TSRAG_ChronosBolt_variable_metrics.xlsx
benchmark_v1,chronos_bolt,electricity,1 hour,259,259,2021,512,64,5197,0.07069278442782377,0.1841175186764811,TSRAG_ChronosBolt_variable_metrics.xlsx
benchmark_v1,tsrag,electricity,1 hour,260,260,2021,512,64,5197,0.07817362804232462,0.1807384579980949,TSRAG_ChronosBolt_variable_metrics.xlsx
benchmark_v1,chronos_bolt,electricity,1 hour,260,260,2021,512,64,5197,0.07831968798425586,0.17962296999674107,TSRAG_ChronosBolt_variable_metrics.xlsx
benchmark_v1,tsrag,electricity,1 hour,261,261,2021,512,64,5197,0.06668946033296004,0.1694480069332887,TSRAG_ChronosBolt_variable_metrics.xlsx
benchmark_v1,chronos_bolt,electricity,1 hour,261,261,2021,512,64,5197,0.06675770887554879,0.16920122551830866,TSRAG_ChronosBolt_variable_metrics.xlsx
benchmark_v1,tsrag,electricity,1 hour,262,262,2021,512,64,5197,0.04405165138000854,0.14268958804190263,TSRAG_ChronosBolt_variable_metrics.xlsx
benchmark_v1,chronos_bolt,electricity,1 hour,262,262,2021,512,64,5197,0.04404643025465721,0.14213327760490083,TSRAG_ChronosBolt_variable_metrics.xlsx
benchmark_v1,tsrag,electricity,1 hour,263,263,2021,512,64,5197,0.08920042869223295,0.21386281633167192,TSRAG_ChronosBolt_variable_metrics.xlsx
benchmark_v1,chronos_bolt,electricity,1 hour,263,263,2021,512,64,5197,0.08902729691660517,0.21283366924091923,TSRAG_ChronosBolt_variable_metrics.xlsx
benchmark_v1,tsrag,electricity,1 hour,264,264,2021,512,64,5197,0.06455712447762604,0.16997593888582485,TSRAG_ChronosBolt_variable_metrics.xlsx
benchmark_v1,chronos_bolt,electricity,1 hour,264,264,2021,512,64,5197,0.0645558534264249,0.1700119899070811,TSRAG_ChronosBolt_variable_metrics.xlsx
benchmark_v1,tsrag,electricity,1 hour,265,265,2021,512,64,5197,0.08988838307428672,0.20674867007063516,TSRAG_ChronosBolt_variable_metrics.xlsx
benchmark_v1,chronos_bolt,electricity,1 hour,265,265,2021,512,64,5197,0.09025918437110299,0.20728019211919393,TSRAG_ChronosBolt_variable_metrics.xlsx
benchmark_v1,tsrag,electricity,1 hour,266,266,2021,512,64,5197,0.0700953009663616,0.17265403665973517,TSRAG_ChronosBolt_variable_metrics.xlsx
benchmark_v1,chronos_bolt,electricity,1 hour,266,266,2021,512,64,5197,0.07023962372745506,0.17238858852830097,TSRAG_ChronosBolt_variable_metrics.xlsx
benchmark_v1,tsrag,electricity,1 hour,267,267,2021,512,64,5197,0.08636027601025519,0.16299775098295471,TSRAG_ChronosBolt_variable_metrics.xlsx
benchmark_v1,chronos_bolt,electricity,1 hour,267,267,2021,512,64,5197,0.09083236016041718,0.16410552292032862,TSRAG_ChronosBolt_variable_metrics.xlsx
benchmark_v1,tsrag,electricity,1 hour,268,268,2021,512,64,5197,0.08767249622669487,0.20734294571164527,TSRAG_ChronosBolt_variable_metrics.xlsx
benchmark_v1,chronos_bolt,electricity,1 hour,268,268,2021,512,64,5197,0.08751014330938146,0.20618259150385054,TSRAG_ChronosBolt_variable_metrics.xlsx
benchmark_v1,tsrag,electricity,1 hour,269,269,2021,512,64,5197,0.0399174557249525,0.12611118513120925,TSRAG_ChronosBolt_variable_metrics.xlsx
benchmark_v1,chronos_bolt,electricity,1 hour,269,269,2021,512,64,5197,0.039816280685310367,0.1258408615388204,TSRAG_ChronosBolt_variable_metrics.xlsx
benchmark_v1,tsrag,electricity,1 hour,270,270,2021,512,64,5197,0.04273441009372559,0.14333633494441364,TSRAG_ChronosBolt_variable_metrics.xlsx
benchmark_v1,chronos_bolt,electricity,1 hour,270,270,2021,512,64,5197,0.04305771383028051,0.14329873862371137,TSRAG_ChronosBolt_variable_metrics.xlsx
benchmark_v1,tsrag,electricity,1 hour,271,271,2021,512,64,5197,0.042184694907406686,0.13609999888417973,TSRAG_ChronosBolt_variable_metrics.xlsx
benchmark_v1,chronos_bolt,electricity,1 hour,271,271,2021,512,64,5197,0.04201381530147494,0.1354281727754315,TSRAG_ChronosBolt_variable_metrics.xlsx
benchmark_v1,tsrag,electricity,1 hour,272,272,2021,512,64,5197,0.05978625340070751,0.15751817539314225,TSRAG_ChronosBolt_variable_metrics.xlsx
benchmark_v1,chronos_bolt,electricity,1 hour,272,272,2021,512,64,5197,0.059736222088138384,0.15665603177405124,TSRAG_ChronosBolt_variable_metrics.xlsx
benchmark_v1,tsrag,electricity,1 hour,273,273,2021,512,64,5197,0.042611613517889835,0.14112241552991778,TSRAG_ChronosBolt_variable_metrics.xlsx
benchmark_v1,chronos_bolt,electricity,1 hour,273,273,2021,512,64,5197,0.04234619566151786,0.14062713581637876,TSRAG_ChronosBolt_variable_metrics.xlsx
benchmark_v1,tsrag,electricity,1 hour,274,274,2021,512,64,5197,0.09332265111705375,0.20723433987851644,TSRAG_ChronosBolt_variable_metrics.xlsx
benchmark_v1,chronos_bolt,electricity,1 hour,274,274,2021,512,64,5197,0.09314796251737834,0.20678455450109548,TSRAG_ChronosBolt_variable_metrics.xlsx
benchmark_v1,tsrag,electricity,1 hour,275,275,2021,512,64,5197,0.09606916259537701,0.19185165712838909,TSRAG_ChronosBolt_variable_metrics.xlsx
benchmark_v1,chronos_bolt,electricity,1 hour,275,275,2021,512,64,5197,0.09681715638883381,0.19173446870237812,TSRAG_ChronosBolt_variable_metrics.xlsx
benchmark_v1,tsrag,electricity,1 hour,276,276,2021,512,64,5197,0.09326454202185944,0.1985586513151383,TSRAG_ChronosBolt_variable_metrics.xlsx
benchmark_v1,chronos_bolt,electricity,1 hour,276,276,2021,512,64,5197,0.09349446848901488,0.19800380735367978,TSRAG_ChronosBolt_variable_metrics.xlsx
benchmark_v1,tsrag,electricity,1 hour,277,277,2021,512,64,5197,0.08529707154465888,0.2085391687319236,TSRAG_ChronosBolt_variable_metrics.xlsx
benchmark_v1,chronos_bolt,electricity,1 hour,277,277,2021,512,64,5197,0.08563224243278633,0.20861854088525486,TSRAG_ChronosBolt_variable_metrics.xlsx
benchmark_v1,tsrag,electricity,1 hour,278,278,2021,512,64,5197,0.04862985763154395,0.15648680431626727,TSRAG_ChronosBolt_variable_metrics.xlsx
benchmark_v1,chronos_bolt,electricity,1 hour,278,278,2021,512,64,5197,0.04856262613845567,0.1558915211953336,TSRAG_ChronosBolt_variable_metrics.xlsx
benchmark_v1,tsrag,electricity,1 hour,279,279,2021,512,64,5197,0.056475181483794615,0.15890563146062647,TSRAG_ChronosBolt_variable_metrics.xlsx
benchmark_v1,chronos_bolt,electricity,1 hour,279,279,2021,512,64,5197,0.05637192911432068,0.15854574242893127,TSRAG_ChronosBolt_variable_metrics.xlsx
benchmark_v1,tsrag,electricity,1 hour,280,280,2021,512,64,5197,0.08363121820619834,0.18131037889385718,TSRAG_ChronosBolt_variable_metrics.xlsx
benchmark_v1,chronos_bolt,electricity,1 hour,280,280,2021,512,64,5197,0.08438365532281349,0.18150835912061788,TSRAG_ChronosBolt_variable_metrics.xlsx
benchmark_v1,tsrag,electricity,1 hour,281,281,2021,512,64,5197,0.06718227020591176,0.16580388961370252,TSRAG_ChronosBolt_variable_metrics.xlsx
benchmark_v1,chronos_bolt,electricity,1 hour,281,281,2021,512,64,5197,0.06715535145874423,0.1652009287977737,TSRAG_ChronosBolt_variable_metrics.xlsx
benchmark_v1,tsrag,electricity,1 hour,282,282,2021,512,64,5197,0.04811831106436621,0.15571028760001593,TSRAG_ChronosBolt_variable_metrics.xlsx
benchmark_v1,chronos_bolt,electricity,1 hour,282,282,2021,512,64,5197,0.047369631877706986,0.15415930504125197,TSRAG_ChronosBolt_variable_metrics.xlsx
benchmark_v1,tsrag,electricity,1 hour,283,283,2021,512,64,5197,0.058523463164322685,0.14929395854725433,TSRAG_ChronosBolt_variable_metrics.xlsx
benchmark_v1,chronos_bolt,electricity,1 hour,283,283,2021,512,64,5197,0.0585728088533676,0.1488162064507291,TSRAG_ChronosBolt_variable_metrics.xlsx
benchmark_v1,tsrag,electricity,1 hour,284,284,2021,512,64,5197,0.08105946311070204,0.19867367614530154,TSRAG_ChronosBolt_variable_metrics.xlsx
benchmark_v1,chronos_bolt,electricity,1 hour,284,284,2021,512,64,5197,0.08125786416104276,0.198452855499233,TSRAG_ChronosBolt_variable_metrics.xlsx
benchmark_v1,tsrag,electricity,1 hour,285,285,2021,512,64,5197,0.08740453764662572,0.1659610091905904,TSRAG_ChronosBolt_variable_metrics.xlsx
benchmark_v1,chronos_bolt,electricity,1 hour,285,285,2021,512,64,5197,0.08701092963669092,0.16623695022685495,TSRAG_ChronosBolt_variable_metrics.xlsx
benchmark_v1,tsrag,electricity,1 hour,286,286,2021,512,64,5197,0.08285833847085729,0.1505361068173053,TSRAG_ChronosBolt_variable_metrics.xlsx
benchmark_v1,chronos_bolt,electricity,1 hour,286,286,2021,512,64,5197,0.08283755731964597,0.15127642277240386,TSRAG_ChronosBolt_variable_metrics.xlsx
benchmark_v1,tsrag,electricity,1 hour,287,287,2021,512,64,5197,0.2831613900421636,0.2870425546155805,TSRAG_ChronosBolt_variable_metrics.xlsx
benchmark_v1,chronos_bolt,electricity,1 hour,287,287,2021,512,64,5197,0.2837960360440834,0.28757231870774747,TSRAG_ChronosBolt_variable_metrics.xlsx
benchmark_v1,tsrag,electricity,1 hour,288,288,2021,512,64,5197,0.20861175182611122,0.25916482846949546,TSRAG_ChronosBolt_variable_metrics.xlsx
benchmark_v1,chronos_bolt,electricity,1 hour,288,288,2021,512,64,5197,0.20997328328811693,0.2598133278046178,TSRAG_ChronosBolt_variable_metrics.xlsx
benchmark_v1,tsrag,electricity,1 hour,289,289,2021,512,64,5197,0.10186872998177604,0.1763515258980286,TSRAG_ChronosBolt_variable_metrics.xlsx
benchmark_v1,chronos_bolt,electricity,1 hour,289,289,2021,512,64,5197,0.1027454466984423,0.1766590803197847,TSRAG_ChronosBolt_variable_metrics.xlsx
benchmark_v1,tsrag,electricity,1 hour,290,290,2021,512,64,5197,0.06914524172404227,0.16389475922335542,TSRAG_ChronosBolt_variable_metrics.xlsx
benchmark_v1,chronos_bolt,electricity,1 hour,290,290,2021,512,64,5197,0.069151922036603,0.1636897432238827,TSRAG_ChronosBolt_variable_metrics.xlsx
benchmark_v1,tsrag,electricity,1 hour,291,291,2021,512,64,5197,0.04532137057723,0.12748033099330938,TSRAG_ChronosBolt_variable_metrics.xlsx
benchmark_v1,chronos_bolt,electricity,1 hour,291,291,2021,512,64,5197,0.0456764336367354,0.1281750825428552,TSRAG_ChronosBolt_variable_metrics.xlsx
benchmark_v1,tsrag,electricity,1 hour,292,292,2021,512,64,5197,0.025955433906788034,0.09823774770819753,TSRAG_ChronosBolt_variable_metrics.xlsx
benchmark_v1,chronos_bolt,electricity,1 hour,292,292,2021,512,64,5197,0.025586373836090776,0.0980398465383046,TSRAG_ChronosBolt_variable_metrics.xlsx
benchmark_v1,tsrag,electricity,1 hour,293,293,2021,512,64,5197,0.06144584580846969,0.15499115224704735,TSRAG_ChronosBolt_variable_metrics.xlsx
benchmark_v1,chronos_bolt,electricity,1 hour,293,293,2021,512,64,5197,0.061740877465103934,0.15564014842779975,TSRAG_ChronosBolt_variable_metrics.xlsx
benchmark_v1,tsrag,electricity,1 hour,294,294,2021,512,64,5197,0.055903324476814724,0.1354560239875984,TSRAG_ChronosBolt_variable_metrics.xlsx
benchmark_v1,chronos_bolt,electricity,1 hour,294,294,2021,512,64,5197,0.055797245502199534,0.13537989922078592,TSRAG_ChronosBolt_variable_metrics.xlsx
benchmark_v1,tsrag,electricity,1 hour,295,295,2021,512,64,5197,0.11899153157306681,0.2091243226888984,TSRAG_ChronosBolt_variable_metrics.xlsx
benchmark_v1,chronos_bolt,electricity,1 hour,295,295,2021,512,64,5197,0.11927903731519703,0.2098361264146565,TSRAG_ChronosBolt_variable_metrics.xlsx
benchmark_v1,tsrag,electricity,1 hour,296,296,2021,512,64,5197,0.036851455554166655,0.11450725701046731,TSRAG_ChronosBolt_variable_metrics.xlsx
benchmark_v1,chronos_bolt,electricity,1 hour,296,296,2021,512,64,5197,0.03715512487097513,0.11327977594413252,TSRAG_ChronosBolt_variable_metrics.xlsx
benchmark_v1,tsrag,electricity,1 hour,297,297,2021,512,64,5197,0.07561914775183122,0.15145099462039177,TSRAG_ChronosBolt_variable_metrics.xlsx
benchmark_v1,chronos_bolt,electricity,1 hour,297,297,2021,512,64,5197,0.07625754153041811,0.15088481952364408,TSRAG_ChronosBolt_variable_metrics.xlsx
benchmark_v1,tsrag,electricity,1 hour,298,298,2021,512,64,5197,0.26123205678552447,0.14392455479863808,TSRAG_ChronosBolt_variable_metrics.xlsx
benchmark_v1,chronos_bolt,electricity,1 hour,298,298,2021,512,64,5197,0.26457175297486346,0.1396542975583345,TSRAG_ChronosBolt_variable_metrics.xlsx
benchmark_v1,tsrag,electricity,1 hour,299,299,2021,512,64,5197,0.11496306388074062,0.17867925419273778,TSRAG_ChronosBolt_variable_metrics.xlsx
benchmark_v1,chronos_bolt,electricity,1 hour,299,299,2021,512,64,5197,0.11726997730429525,0.17579875981955947,TSRAG_ChronosBolt_variable_metrics.xlsx
benchmark_v1,tsrag,electricity,1 hour,300,300,2021,512,64,5197,0.09011156941669617,0.18928130690136713,TSRAG_ChronosBolt_variable_metrics.xlsx
benchmark_v1,chronos_bolt,electricity,1 hour,300,300,2021,512,64,5197,0.09026028898723634,0.18946598930836686,TSRAG_ChronosBolt_variable_metrics.xlsx
benchmark_v1,tsrag,electricity,1 hour,301,301,2021,512,64,5197,0.03737715880272468,0.10955561074104439,TSRAG_ChronosBolt_variable_metrics.xlsx
benchmark_v1,chronos_bolt,electricity,1 hour,301,301,2021,512,64,5197,0.037457461885681234,0.11020942266915071,TSRAG_ChronosBolt_variable_metrics.xlsx
benchmark_v1,tsrag,electricity,1 hour,302,302,2021,512,64,5197,0.09529723716075952,0.17434546186780273,TSRAG_ChronosBolt_variable_metrics.xlsx
benchmark_v1,chronos_bolt,electricity,1 hour,302,302,2021,512,64,5197,0.09571032447389016,0.17376653447658347,TSRAG_ChronosBolt_variable_metrics.xlsx
benchmark_v1,tsrag,electricity,1 hour,303,303,2021,512,64,5197,0.21748088909311872,0.25532764970556643,TSRAG_ChronosBolt_variable_metrics.xlsx
benchmark_v1,chronos_bolt,electricity,1 hour,303,303,2021,512,64,5197,0.21889573362895534,0.2558855323724152,TSRAG_ChronosBolt_variable_metrics.xlsx
benchmark_v1,tsrag,electricity,1 hour,304,304,2021,512,64,5197,0.04001062041383659,0.1261532017393068,TSRAG_ChronosBolt_variable_metrics.xlsx
benchmark_v1,chronos_bolt,electricity,1 hour,304,304,2021,512,64,5197,0.039845981558588435,0.12603875467894582,TSRAG_ChronosBolt_variable_metrics.xlsx
benchmark_v1,tsrag,electricity,1 hour,305,305,2021,512,64,5197,0.1458549280749476,0.2291730082930224,TSRAG_ChronosBolt_variable_metrics.xlsx
benchmark_v1,chronos_bolt,electricity,1 hour,305,305,2021,512,64,5197,0.1453185076748263,0.22847207723666044,TSRAG_ChronosBolt_variable_metrics.xlsx
benchmark_v1,tsrag,electricity,1 hour,306,306,2021,512,64,5197,0.025355537740469062,0.09547447862004302,TSRAG_ChronosBolt_variable_metrics.xlsx
benchmark_v1,chronos_bolt,electricity,1 hour,306,306,2021,512,64,5197,0.025039601829412794,0.09392191356914259,TSRAG_ChronosBolt_variable_metrics.xlsx
benchmark_v1,tsrag,electricity,1 hour,307,307,2021,512,64,5197,0.15224663120481396,0.1622565271171935,TSRAG_ChronosBolt_variable_metrics.xlsx
benchmark_v1,chronos_bolt,electricity,1 hour,307,307,2021,512,64,5197,0.15148264415295834,0.16235652615201343,TSRAG_ChronosBolt_variable_metrics.xlsx
benchmark_v1,tsrag,electricity,1 hour,308,308,2021,512,64,5197,0.046765154826424175,0.1299267267266764,TSRAG_ChronosBolt_variable_metrics.xlsx
benchmark_v1,chronos_bolt,electricity,1 hour,308,308,2021,512,64,5197,0.04659337020701893,0.12968825616482957,TSRAG_ChronosBolt_variable_metrics.xlsx
benchmark_v1,tsrag,electricity,1 hour,309,309,2021,512,64,5197,0.09083571439964741,0.18131047274723108,TSRAG_ChronosBolt_variable_metrics.xlsx
benchmark_v1,chronos_bolt,electricity,1 hour,309,309,2021,512,64,5197,0.09094364194046044,0.18073286707280967,TSRAG_ChronosBolt_variable_metrics.xlsx
benchmark_v1,tsrag,electricity,1 hour,310,310,2021,512,64,5197,0.03505895429320444,0.1292324532482867,TSRAG_ChronosBolt_variable_metrics.xlsx
benchmark_v1,chronos_bolt,electricity,1 hour,310,310,2021,512,64,5197,0.03462665483348757,0.1285438716883972,TSRAG_ChronosBolt_variable_metrics.xlsx
benchmark_v1,tsrag,electricity,1 hour,311,311,2021,512,64,5197,0.055552610079242656,0.14612646423006415,TSRAG_ChronosBolt_variable_metrics.xlsx
benchmark_v1,chronos_bolt,electricity,1 hour,311,311,2021,512,64,5197,0.055577474949572846,0.14640466485022696,TSRAG_ChronosBolt_variable_metrics.xlsx
benchmark_v1,tsrag,electricity,1 hour,312,312,2021,512,64,5197,0.0467871292474525,0.14226582000447463,TSRAG_ChronosBolt_variable_metrics.xlsx
benchmark_v1,chronos_bolt,electricity,1 hour,312,312,2021,512,64,5197,0.046422830301309885,0.14234605934904565,TSRAG_ChronosBolt_variable_metrics.xlsx
benchmark_v1,tsrag,electricity,1 hour,313,313,2021,512,64,5197,0.04902861995632999,0.13606128182060756,TSRAG_ChronosBolt_variable_metrics.xlsx
benchmark_v1,chronos_bolt,electricity,1 hour,313,313,2021,512,64,5197,0.04898058303115914,0.13461125884380723,TSRAG_ChronosBolt_variable_metrics.xlsx
benchmark_v1,tsrag,electricity,1 hour,314,314,2021,512,64,5197,0.0247943521825744,0.09469051701112598,TSRAG_ChronosBolt_variable_metrics.xlsx
benchmark_v1,chronos_bolt,electricity,1 hour,314,314,2021,512,64,5197,0.024987999683510162,0.0952954193771069,TSRAG_ChronosBolt_variable_metrics.xlsx
benchmark_v1,tsrag,electricity,1 hour,315,315,2021,512,64,5197,0.03731113985318931,0.10890643082828631,TSRAG_ChronosBolt_variable_metrics.xlsx
benchmark_v1,chronos_bolt,electricity,1 hour,315,315,2021,512,64,5197,0.03639253637093419,0.10763897083782854,TSRAG_ChronosBolt_variable_metrics.xlsx
benchmark_v1,tsrag,electricity,1 hour,316,316,2021,512,64,5197,0.11442637537581958,0.20581074622426557,TSRAG_ChronosBolt_variable_metrics.xlsx
benchmark_v1,chronos_bolt,electricity,1 hour,316,316,2021,512,64,5197,0.11489930648771264,0.2050086888546482,TSRAG_ChronosBolt_variable_metrics.xlsx
benchmark_v1,tsrag,electricity,1 hour,317,317,2021,512,64,5197,0.22815473966138486,0.29599010815052934,TSRAG_ChronosBolt_variable_metrics.xlsx
benchmark_v1,chronos_bolt,electricity,1 hour,317,317,2021,512,64,5197,0.2317371955827776,0.2994324982278114,TSRAG_ChronosBolt_variable_metrics.xlsx
benchmark_v1,tsrag,electricity,1 hour,318,318,2021,512,64,5197,0.12368442034909753,0.2529245914519693,TSRAG_ChronosBolt_variable_metrics.xlsx
benchmark_v1,chronos_bolt,electricity,1 hour,318,318,2021,512,64,5197,0.12492455919849338,0.2551620848418108,TSRAG_ChronosBolt_variable_metrics.xlsx
benchmark_v1,tsrag,electricity,1 hour,319,319,2021,512,64,5197,0.08880532570984319,0.1906172613200601,TSRAG_ChronosBolt_variable_metrics.xlsx
benchmark_v1,chronos_bolt,electricity,1 hour,319,319,2021,512,64,5197,0.08876871496112113,0.188975547622242,TSRAG_ChronosBolt_variable_metrics.xlsx
benchmark_v1,tsrag,electricity,1 hour,320,OT,2021,512,64,5197,0.16668031184176227,0.27805966466137694,TSRAG_ChronosBolt_variable_metrics.xlsx
benchmark_v1,chronos_bolt,electricity,1 hour,320,OT,2021,512,64,5197,0.16844286558114183,0.2797311870440373,TSRAG_ChronosBolt_variable_metrics.xlsx
benchmark_v1,tsrag,exchange_rate,1 day,0,0,2021,512,64,1454,0.08412317987425737,0.20898962731087553,TSRAG_ChronosBolt_variable_metrics.xlsx
benchmark_v1,chronos_bolt,exchange_rate,1 day,0,0,2021,512,64,1454,0.08787017099865478,0.21541731347274828,TSRAG_ChronosBolt_variable_metrics.xlsx
benchmark_v1,tsrag,exchange_rate,1 day,1,1,2021,512,64,1454,0.06181937620153284,0.17800451768498146,TSRAG_ChronosBolt_variable_metrics.xlsx
benchmark_v1,chronos_bolt,exchange_rate,1 day,1,1,2021,512,64,1454,0.06814355529584387,0.18506449825569804,TSRAG_ChronosBolt_variable_metrics.xlsx
benchmark_v1,tsrag,exchange_rate,1 day,2,2,2021,512,64,1454,0.044754924922537805,0.1581762234745688,TSRAG_ChronosBolt_variable_metrics.xlsx
benchmark_v1,chronos_bolt,exchange_rate,1 day,2,2,2021,512,64,1454,0.04796484451320796,0.16395370996566144,TSRAG_ChronosBolt_variable_metrics.xlsx
benchmark_v1,tsrag,exchange_rate,1 day,3,3,2021,512,64,1454,0.07483346999492856,0.19507433592945214,TSRAG_ChronosBolt_variable_metrics.xlsx
benchmark_v1,chronos_bolt,exchange_rate,1 day,3,3,2021,512,64,1454,0.08705593732475819,0.2113345213377902,TSRAG_ChronosBolt_variable_metrics.xlsx
benchmark_v1,tsrag,exchange_rate,1 day,4,4,2021,512,64,1454,0.008977534438617346,0.039994617334171166,TSRAG_ChronosBolt_variable_metrics.xlsx
benchmark_v1,chronos_bolt,exchange_rate,1 day,4,4,2021,512,64,1454,0.009073803106456365,0.03997546785409874,TSRAG_ChronosBolt_variable_metrics.xlsx
benchmark_v1,tsrag,exchange_rate,1 day,5,5,2021,512,64,1454,0.10521057602677858,0.22664110988194053,TSRAG_ChronosBolt_variable_metrics.xlsx
benchmark_v1,chronos_bolt,exchange_rate,1 day,5,5,2021,512,64,1454,0.10530526091654828,0.2259044527425911,TSRAG_ChronosBolt_variable_metrics.xlsx
benchmark_v1,tsrag,exchange_rate,1 day,6,6,2021,512,64,1454,0.049372853595472645,0.1664642327179443,TSRAG_ChronosBolt_variable_metrics.xlsx
benchmark_v1,chronos_bolt,exchange_rate,1 day,6,6,2021,512,64,1454,0.05215009296648563,0.1716932893527013,TSRAG_ChronosBolt_variable_metrics.xlsx
benchmark_v1,tsrag,exchange_rate,1 day,7,OT,2021,512,64,1454,0.0704102767942066,0.1994092605669856,TSRAG_ChronosBolt_variable_metrics.xlsx
benchmark_v1,chronos_bolt,exchange_rate,1 day,7,OT,2021,512,64,1454,0.0792769839675864,0.20944049973630102,TSRAG_ChronosBolt_variable_metrics.xlsx
benchmark_v1,dlinear,ETTh1,1 hour,0,HUFL,2021,512,64,2817,0.7032693216744811,0.5666083927413663,dlinear/variable_metrics.csv
benchmark_v1,dlinear,ETTh1,1 hour,1,HULL,2021,512,64,2817,0.2026608446464708,0.3351700920962503,dlinear/variable_metrics.csv
benchmark_v1,dlinear,ETTh1,1 hour,2,MUFL,2021,512,64,2817,0.7246781247440001,0.5630971417365194,dlinear/variable_metrics.csv
benchmark_v1,dlinear,ETTh1,1 hour,3,MULL,2021,512,64,2817,0.1664087096293,0.2940816430239826,dlinear/variable_metrics.csv
benchmark_v1,dlinear,ETTh1,1 hour,4,LUFL,2021,512,64,2817,0.5018389705728237,0.4928578251826211,dlinear/variable_metrics.csv
benchmark_v1,dlinear,ETTh1,1 hour,5,LULL,2021,512,64,2817,0.1166452427020605,0.2601247211335355,dlinear/variable_metrics.csv
benchmark_v1,dlinear,ETTh1,1 hour,6,OT,2021,512,64,2817,0.0573392959271101,0.1766561494095804,dlinear/variable_metrics.csv
benchmark_v1,dlinear,ETTh2,1 hour,0,HUFL,2021,512,64,2817,0.3812107508099204,0.4317795218541487,dlinear/variable_metrics.csv
benchmark_v1,dlinear,ETTh2,1 hour,1,HULL,2021,512,64,2817,0.2968299013249817,0.3990122102694252,dlinear/variable_metrics.csv
benchmark_v1,dlinear,ETTh2,1 hour,2,MUFL,2021,512,64,2817,0.1246284448920578,0.2416766914992217,dlinear/variable_metrics.csv
benchmark_v1,dlinear,ETTh2,1 hour,3,MULL,2021,512,64,2817,0.6231155412659225,0.5800416770437121,dlinear/variable_metrics.csv
benchmark_v1,dlinear,ETTh2,1 hour,4,LUFL,2021,512,64,2817,0.2160920128262716,0.3169925099181392,dlinear/variable_metrics.csv
benchmark_v1,dlinear,ETTh2,1 hour,5,LULL,2021,512,64,2817,0.0087224116912106,0.071778293444702,dlinear/variable_metrics.csv
benchmark_v1,dlinear,ETTh2,1 hour,6,OT,2021,512,64,2817,0.1222757913069835,0.2718937547056692,dlinear/variable_metrics.csv
benchmark_v1,dlinear,ETTm1,15 minutes,0,HUFL,2021,512,64,11457,0.5948874837627883,0.5082185332122624,dlinear/variable_metrics.csv
benchmark_v1,dlinear,ETTm1,15 minutes,1,HULL,2021,512,64,11457,0.1631930784784604,0.2986520062811188,dlinear/variable_metrics.csv
benchmark_v1,dlinear,ETTm1,15 minutes,2,MUFL,2021,512,64,11457,0.6186535783114523,0.5095230052729942,dlinear/variable_metrics.csv
benchmark_v1,dlinear,ETTm1,15 minutes,3,MULL,2021,512,64,11457,0.1377798046924522,0.2670666170615468,dlinear/variable_metrics.csv
benchmark_v1,dlinear,ETTm1,15 minutes,4,LUFL,2021,512,64,11457,0.4060060569769713,0.4372463541913786,dlinear/variable_metrics.csv
benchmark_v1,dlinear,ETTm1,15 minutes,5,LULL,2021,512,64,11457,0.0998200553784553,0.2338909177577094,dlinear/variable_metrics.csv
benchmark_v1,dlinear,ETTm1,15 minutes,6,OT,2021,512,64,11457,0.0273648228678234,0.1222220210813634,dlinear/variable_metrics.csv
benchmark_v1,dlinear,ETTm2,15 minutes,0,HUFL,2021,512,64,11457,0.2257859073366109,0.3354468470254365,dlinear/variable_metrics.csv
benchmark_v1,dlinear,ETTm2,15 minutes,1,HULL,2021,512,64,11457,0.1942510295984803,0.2725457554981662,dlinear/variable_metrics.csv
benchmark_v1,dlinear,ETTm2,15 minutes,2,MUFL,2021,512,64,11457,0.0794721337018749,0.1959772368151751,dlinear/variable_metrics.csv
benchmark_v1,dlinear,ETTm2,15 minutes,3,MULL,2021,512,64,11457,0.3406885019421791,0.4254024828513233,dlinear/variable_metrics.csv
benchmark_v1,dlinear,ETTm2,15 minutes,4,LUFL,2021,512,64,11457,0.09592896117434,0.2100845283526249,dlinear/variable_metrics.csv
benchmark_v1,dlinear,ETTm2,15 minutes,5,LULL,2021,512,64,11457,0.0056447871031632,0.0534484784011306,dlinear/variable_metrics.csv
benchmark_v1,dlinear,ETTm2,15 minutes,6,OT,2021,512,64,11457,0.0682395099466913,0.1951405340363659,dlinear/variable_metrics.csv
benchmark_v1,dlinear,weather,10 minutes,0,p (mbar),2021,512,64,10476,0.2283749333459134,0.3288399557735024,dlinear/variable_metrics.csv
benchmark_v1,dlinear,weather,10 minutes,1,T (degC),2021,512,64,10476,0.0791910920989485,0.2103471295494411,dlinear/variable_metrics.csv
benchmark_v1,dlinear,weather,10 minutes,2,Tpot (K),2021,512,64,10476,0.0818473179184826,0.209507061197711,dlinear/variable_metrics.csv
benchmark_v1,dlinear,weather,10 minutes,3,Tdew (degC),2021,512,64,10476,0.0835646185842068,0.2142816062877052,dlinear/variable_metrics.csv
benchmark_v1,dlinear,weather,10 minutes,4,rh (%),2021,512,64,10476,0.1916721917744386,0.3360141364562406,dlinear/variable_metrics.csv
benchmark_v1,dlinear,weather,10 minutes,5,VPmax (mbar),2021,512,64,10476,0.0418274362347913,0.1559424391597991,dlinear/variable_metrics.csv
benchmark_v1,dlinear,weather,10 minutes,6,VPact (mbar),2021,512,64,10476,0.0687975645757773,0.1906884215973392,dlinear/variable_metrics.csv
benchmark_v1,dlinear,weather,10 minutes,7,VPdef (mbar),2021,512,64,10476,0.0366132078830719,0.1441312533920072,dlinear/variable_metrics.csv
benchmark_v1,dlinear,weather,10 minutes,8,sh (g/kg),2021,512,64,10476,0.0687182432706103,0.1901068838229601,dlinear/variable_metrics.csv
benchmark_v1,dlinear,weather,10 minutes,9,H2OC (mmol/mol),2021,512,64,10476,0.0688837768866266,0.1903970514760488,dlinear/variable_metrics.csv
benchmark_v1,dlinear,weather,10 minutes,10,rho (g/m**3),2021,512,64,10476,0.0997343829082268,0.2262517036969421,dlinear/variable_metrics.csv
benchmark_v1,dlinear,weather,10 minutes,11,wv (m/s),2021,512,64,10476,0.0005179470382943,0.0172173913236394,dlinear/variable_metrics.csv
benchmark_v1,dlinear,weather,10 minutes,12,max. wv (m/s),2021,512,64,10476,0.4128278733879051,0.4799741786729707,dlinear/variable_metrics.csv
benchmark_v1,dlinear,weather,10 minutes,13,wd (deg),2021,512,64,10476,0.35993061715277,0.3867445640819147,dlinear/variable_metrics.csv
benchmark_v1,dlinear,weather,10 minutes,14,rain (mm),2021,512,64,10476,0.053581092933644,0.0656790090313182,dlinear/variable_metrics.csv
benchmark_v1,dlinear,weather,10 minutes,15,raining (s),2021,512,64,10476,1.0832452516627809,0.4318375355848119,dlinear/variable_metrics.csv
benchmark_v1,dlinear,weather,10 minutes,16,SWDR (W/m²),2021,512,64,10476,0.0467827266307259,0.1468721873904863,dlinear/variable_metrics.csv
benchmark_v1,dlinear,weather,10 minutes,17,PAR (μmol/m²/s),2021,512,64,10476,0.042320524731969,0.1417116006203053,dlinear/variable_metrics.csv
benchmark_v1,dlinear,weather,10 minutes,18,max. PAR (μmol/m²/s),2021,512,64,10476,0.0325551057176994,0.1223508932086916,dlinear/variable_metrics.csv
benchmark_v1,dlinear,weather,10 minutes,19,Tlog (degC),2021,512,64,10476,0.0700978755397449,0.2030124875372109,dlinear/variable_metrics.csv
benchmark_v1,dlinear,weather,10 minutes,20,OT,2021,512,64,10476,0.0006947991061506,0.0185854472151183,dlinear/variable_metrics.csv
benchmark_v1,dlinear,electricity,1 hour,0,0,2021,512,64,5197,0.3403068347965682,0.325525659324711,dlinear/variable_metrics.csv
benchmark_v1,dlinear,electricity,1 hour,1,1,2021,512,64,5197,0.1318124171505592,0.2235096141568492,dlinear/variable_metrics.csv
benchmark_v1,dlinear,electricity,1 hour,2,2,2021,512,64,5197,0.0003895978786238,0.0141347926756507,dlinear/variable_metrics.csv
benchmark_v1,dlinear,electricity,1 hour,3,3,2021,512,64,5197,0.0891168431315238,0.2154527093120419,dlinear/variable_metrics.csv
benchmark_v1,dlinear,electricity,1 hour,4,4,2021,512,64,5197,0.190250957472434,0.3219468451740361,dlinear/variable_metrics.csv
benchmark_v1,dlinear,electricity,1 hour,5,5,2021,512,64,5197,0.0773219531733584,0.2011415164340155,dlinear/variable_metrics.csv
benchmark_v1,dlinear,electricity,1 hour,6,6,2021,512,64,5197,0.5306994612598626,0.3775832793648901,dlinear/variable_metrics.csv
benchmark_v1,dlinear,electricity,1 hour,7,7,2021,512,64,5197,0.1290076159627607,0.2554065248169127,dlinear/variable_metrics.csv
benchmark_v1,dlinear,electricity,1 hour,8,8,2021,512,64,5197,0.1673187236494411,0.3023093140021898,dlinear/variable_metrics.csv
benchmark_v1,dlinear,electricity,1 hour,9,9,2021,512,64,5197,0.4350405239382571,0.4558267419330836,dlinear/variable_metrics.csv
benchmark_v1,dlinear,electricity,1 hour,10,10,2021,512,64,5197,0.1164364682986333,0.2510722425368517,dlinear/variable_metrics.csv
benchmark_v1,dlinear,electricity,1 hour,11,11,2021,512,64,5197,0.2117599244113841,0.3064190193782728,dlinear/variable_metrics.csv
benchmark_v1,dlinear,electricity,1 hour,12,12,2021,512,64,5197,0.0825427328231555,0.188954586551694,dlinear/variable_metrics.csv
benchmark_v1,dlinear,electricity,1 hour,13,13,2021,512,64,5197,0.1458220159637436,0.2522044169992457,dlinear/variable_metrics.csv
benchmark_v1,dlinear,electricity,1 hour,14,14,2021,512,64,5197,0.083874174198802,0.2138358152868359,dlinear/variable_metrics.csv
benchmark_v1,dlinear,electricity,1 hour,15,15,2021,512,64,5197,0.179657536312822,0.3173611407684731,dlinear/variable_metrics.csv
benchmark_v1,dlinear,electricity,1 hour,16,16,2021,512,64,5197,0.1929509503201185,0.3225408034702818,dlinear/variable_metrics.csv
benchmark_v1,dlinear,electricity,1 hour,17,17,2021,512,64,5197,0.377058909303356,0.4824497237560139,dlinear/variable_metrics.csv
benchmark_v1,dlinear,electricity,1 hour,18,18,2021,512,64,5197,0.0659304216848205,0.1827257146774576,dlinear/variable_metrics.csv
benchmark_v1,dlinear,electricity,1 hour,19,19,2021,512,64,5197,0.2959549977547319,0.352289356603692,dlinear/variable_metrics.csv
benchmark_v1,dlinear,electricity,1 hour,20,20,2021,512,64,5197,0.2732698478566168,0.3539323365408069,dlinear/variable_metrics.csv
benchmark_v1,dlinear,electricity,1 hour,21,21,2021,512,64,5197,0.1207085055531918,0.256740923891465,dlinear/variable_metrics.csv
benchmark_v1,dlinear,electricity,1 hour,22,22,2021,512,64,5197,0.095765138325986,0.2139446134352007,dlinear/variable_metrics.csv
benchmark_v1,dlinear,electricity,1 hour,23,23,2021,512,64,5197,0.1180367203051795,0.2481001993634227,dlinear/variable_metrics.csv
benchmark_v1,dlinear,electricity,1 hour,24,24,2021,512,64,5197,0.113038285013796,0.2376479405178034,dlinear/variable_metrics.csv
benchmark_v1,dlinear,electricity,1 hour,25,25,2021,512,64,5197,0.271768384720406,0.3455645155899726,dlinear/variable_metrics.csv
benchmark_v1,dlinear,electricity,1 hour,26,26,2021,512,64,5197,0.0895758100352127,0.2189769717702215,dlinear/variable_metrics.csv
benchmark_v1,dlinear,electricity,1 hour,27,27,2021,512,64,5197,0.1873761954040892,0.3144856767321765,dlinear/variable_metrics.csv
benchmark_v1,dlinear,electricity,1 hour,28,28,2021,512,64,5197,0.2139340367765849,0.3267929817557251,dlinear/variable_metrics.csv
benchmark_v1,dlinear,electricity,1 hour,29,29,2021,512,64,5197,0.3554526272234485,0.4126282161892164,dlinear/variable_metrics.csv
benchmark_v1,dlinear,electricity,1 hour,30,30,2021,512,64,5197,0.2407017919239086,0.313686010245685,dlinear/variable_metrics.csv
benchmark_v1,dlinear,electricity,1 hour,31,31,2021,512,64,5197,0.1242227986213972,0.2477507165704938,dlinear/variable_metrics.csv
benchmark_v1,dlinear,electricity,1 hour,32,32,2021,512,64,5197,0.0312731089073912,0.147859849982474,dlinear/variable_metrics.csv
benchmark_v1,dlinear,electricity,1 hour,33,33,2021,512,64,5197,0.1624092622310148,0.2952024340484618,dlinear/variable_metrics.csv
benchmark_v1,dlinear,electricity,1 hour,34,34,2021,512,64,5197,0.0786379324760021,0.2041967449677468,dlinear/variable_metrics.csv
benchmark_v1,dlinear,electricity,1 hour,35,35,2021,512,64,5197,0.1028774415357169,0.2215515528549159,dlinear/variable_metrics.csv
benchmark_v1,dlinear,electricity,1 hour,36,36,2021,512,64,5197,0.2293871491308406,0.3417975899800993,dlinear/variable_metrics.csv
benchmark_v1,dlinear,electricity,1 hour,37,37,2021,512,64,5197,0.1490256850667125,0.2822515313517538,dlinear/variable_metrics.csv
benchmark_v1,dlinear,electricity,1 hour,38,38,2021,512,64,5197,0.1738024782441017,0.3088264535410332,dlinear/variable_metrics.csv
benchmark_v1,dlinear,electricity,1 hour,39,39,2021,512,64,5197,0.2017953398883461,0.3331537262883916,dlinear/variable_metrics.csv
benchmark_v1,dlinear,electricity,1 hour,40,40,2021,512,64,5197,0.0784424964632286,0.206369341396114,dlinear/variable_metrics.csv
benchmark_v1,dlinear,electricity,1 hour,41,41,2021,512,64,5197,0.0976610310966175,0.2183715062682984,dlinear/variable_metrics.csv
benchmark_v1,dlinear,electricity,1 hour,42,42,2021,512,64,5197,0.2654379774970112,0.3890957187019414,dlinear/variable_metrics.csv
benchmark_v1,dlinear,electricity,1 hour,43,43,2021,512,64,5197,0.115525656184053,0.2603303268309166,dlinear/variable_metrics.csv
benchmark_v1,dlinear,electricity,1 hour,44,44,2021,512,64,5197,0.0927819109038936,0.2132092530466137,dlinear/variable_metrics.csv
benchmark_v1,dlinear,electricity,1 hour,45,45,2021,512,64,5197,0.0877219054393101,0.2177901902804133,dlinear/variable_metrics.csv
benchmark_v1,dlinear,electricity,1 hour,46,46,2021,512,64,5197,0.1592487696572895,0.2562116544228531,dlinear/variable_metrics.csv
benchmark_v1,dlinear,electricity,1 hour,47,47,2021,512,64,5197,0.0706186648242298,0.1919992060752503,dlinear/variable_metrics.csv
benchmark_v1,dlinear,electricity,1 hour,48,48,2021,512,64,5197,0.15099108010131,0.2601318274286098,dlinear/variable_metrics.csv
benchmark_v1,dlinear,electricity,1 hour,49,49,2021,512,64,5197,0.123417182551293,0.2540667035948367,dlinear/variable_metrics.csv
benchmark_v1,dlinear,electricity,1 hour,50,50,2021,512,64,5197,0.3938715649387894,0.4707522790393644,dlinear/variable_metrics.csv
benchmark_v1,dlinear,electricity,1 hour,51,51,2021,512,64,5197,0.1270078228761806,0.2603895823461951,dlinear/variable_metrics.csv
benchmark_v1,dlinear,electricity,1 hour,52,52,2021,512,64,5197,0.1495780938740853,0.2883174647263262,dlinear/variable_metrics.csv
benchmark_v1,dlinear,electricity,1 hour,53,53,2021,512,64,5197,0.1231968361517407,0.2628616886381908,dlinear/variable_metrics.csv
benchmark_v1,dlinear,electricity,1 hour,54,54,2021,512,64,5197,0.0737138403187596,0.1936197098745261,dlinear/variable_metrics.csv
benchmark_v1,dlinear,electricity,1 hour,55,55,2021,512,64,5197,0.2788714500755778,0.3302182141539269,dlinear/variable_metrics.csv
benchmark_v1,dlinear,electricity,1 hour,56,56,2021,512,64,5197,0.1535382941096209,0.29188110946292,dlinear/variable_metrics.csv
benchmark_v1,dlinear,electricity,1 hour,57,57,2021,512,64,5197,0.1509037820373191,0.2386160563627176,dlinear/variable_metrics.csv
benchmark_v1,dlinear,electricity,1 hour,58,58,2021,512,64,5197,0.1588944092564236,0.2937767934858873,dlinear/variable_metrics.csv
benchmark_v1,dlinear,electricity,1 hour,59,59,2021,512,64,5197,0.0260561105703164,0.1196336361594112,dlinear/variable_metrics.csv
benchmark_v1,dlinear,electricity,1 hour,60,60,2021,512,64,5197,0.1218268077036642,0.2519436400226248,dlinear/variable_metrics.csv
benchmark_v1,dlinear,electricity,1 hour,61,61,2021,512,64,5197,0.0939949086087465,0.2242142454014131,dlinear/variable_metrics.csv
benchmark_v1,dlinear,electricity,1 hour,62,62,2021,512,64,5197,0.060586525706964,0.1740196699373143,dlinear/variable_metrics.csv
benchmark_v1,dlinear,electricity,1 hour,63,63,2021,512,64,5197,0.0775185422344266,0.2072311418063817,dlinear/variable_metrics.csv
benchmark_v1,dlinear,electricity,1 hour,64,64,2021,512,64,5197,0.303808798092612,0.3472698536299676,dlinear/variable_metrics.csv
benchmark_v1,dlinear,electricity,1 hour,65,65,2021,512,64,5197,0.1083997642084653,0.2361345254155509,dlinear/variable_metrics.csv
benchmark_v1,dlinear,electricity,1 hour,66,66,2021,512,64,5197,0.1162776954744396,0.2388098268654884,dlinear/variable_metrics.csv
benchmark_v1,dlinear,electricity,1 hour,67,67,2021,512,64,5197,0.1010478130322615,0.2262744150535285,dlinear/variable_metrics.csv
benchmark_v1,dlinear,electricity,1 hour,68,68,2021,512,64,5197,0.2268659882873171,0.3273477112093821,dlinear/variable_metrics.csv
benchmark_v1,dlinear,electricity,1 hour,69,69,2021,512,64,5197,0.0875692934650194,0.2179294891586168,dlinear/variable_metrics.csv
benchmark_v1,dlinear,electricity,1 hour,70,70,2021,512,64,5197,0.3262847536515199,0.3726777465163296,dlinear/variable_metrics.csv
benchmark_v1,dlinear,electricity,1 hour,71,71,2021,512,64,5197,0.1704887693604879,0.3023643178154347,dlinear/variable_metrics.csv
benchmark_v1,dlinear,electricity,1 hour,72,72,2021,512,64,5197,0.1021197692259728,0.2352300029949555,dlinear/variable_metrics.csv
benchmark_v1,dlinear,electricity,1 hour,73,73,2021,512,64,5197,0.1100846000554198,0.2301432598561207,dlinear/variable_metrics.csv
benchmark_v1,dlinear,electricity,1 hour,74,74,2021,512,64,5197,0.0684502312448791,0.1882746298022931,dlinear/variable_metrics.csv
benchmark_v1,dlinear,electricity,1 hour,75,75,2021,512,64,5197,0.2648610295248265,0.3482178350532113,dlinear/variable_metrics.csv
benchmark_v1,dlinear,electricity,1 hour,76,76,2021,512,64,5197,0.103564135902008,0.2361900121542196,dlinear/variable_metrics.csv
benchmark_v1,dlinear,electricity,1 hour,77,77,2021,512,64,5197,0.1969670884238146,0.2992450669232249,dlinear/variable_metrics.csv
benchmark_v1,dlinear,electricity,1 hour,78,78,2021,512,64,5197,0.1290664570750418,0.2491264642022842,dlinear/variable_metrics.csv
benchmark_v1,dlinear,electricity,1 hour,79,79,2021,512,64,5197,0.3449933980753366,0.3757115376758801,dlinear/variable_metrics.csv
benchmark_v1,dlinear,electricity,1 hour,80,80,2021,512,64,5197,0.1438423566892623,0.2741812070857999,dlinear/variable_metrics.csv
benchmark_v1,dlinear,electricity,1 hour,81,81,2021,512,64,5197,0.39249093670456,0.455736412656925,dlinear/variable_metrics.csv
benchmark_v1,dlinear,electricity,1 hour,82,82,2021,512,64,5197,0.1815713367978208,0.2951685016227661,dlinear/variable_metrics.csv
benchmark_v1,dlinear,electricity,1 hour,83,83,2021,512,64,5197,0.8919258374758986,0.5513323322673468,dlinear/variable_metrics.csv
benchmark_v1,dlinear,electricity,1 hour,84,84,2021,512,64,5197,0.7171225359090615,0.4614673656059131,dlinear/variable_metrics.csv
benchmark_v1,dlinear,electricity,1 hour,85,85,2021,512,64,5197,0.0760182278561668,0.1624486276567912,dlinear/variable_metrics.csv
benchmark_v1,dlinear,electricity,1 hour,86,86,2021,512,64,5197,0.1494297679115811,0.2667701661522195,dlinear/variable_metrics.csv
benchmark_v1,dlinear,electricity,1 hour,87,87,2021,512,64,5197,0.1480281033630399,0.2437160880384123,dlinear/variable_metrics.csv
benchmark_v1,dlinear,electricity,1 hour,88,88,2021,512,64,5197,0.0302212539984485,0.1129411282297715,dlinear/variable_metrics.csv
benchmark_v1,dlinear,electricity,1 hour,89,89,2021,512,64,5197,0.0718525296212159,0.1641433431905835,dlinear/variable_metrics.csv
benchmark_v1,dlinear,electricity,1 hour,90,90,2021,512,64,5197,0.0531981476764874,0.1334729995175899,dlinear/variable_metrics.csv
benchmark_v1,dlinear,electricity,1 hour,91,91,2021,512,64,5197,0.0248851369960073,0.097190119007389,dlinear/variable_metrics.csv
benchmark_v1,dlinear,electricity,1 hour,92,92,2021,512,64,5197,0.1671651528103785,0.2460348144184208,dlinear/variable_metrics.csv
benchmark_v1,dlinear,electricity,1 hour,93,93,2021,512,64,5197,0.0331328640831293,0.1089160785705364,dlinear/variable_metrics.csv
benchmark_v1,dlinear,electricity,1 hour,94,94,2021,512,64,5197,0.0423063222521846,0.1117098905486107,dlinear/variable_metrics.csv
benchmark_v1,dlinear,electricity,1 hour,95,95,2021,512,64,5197,0.089633188777241,0.1920992351696944,dlinear/variable_metrics.csv
benchmark_v1,dlinear,electricity,1 hour,96,96,2021,512,64,5197,0.2388493416652477,0.316578085843669,dlinear/variable_metrics.csv
benchmark_v1,dlinear,electricity,1 hour,97,97,2021,512,64,5197,0.0801395633947941,0.2050835788488006,dlinear/variable_metrics.csv
benchmark_v1,dlinear,electricity,1 hour,98,98,2021,512,64,5197,0.2560912694492781,0.3318721492118679,dlinear/variable_metrics.csv
benchmark_v1,dlinear,electricity,1 hour,99,99,2021,512,64,5197,0.2003863525454987,0.2599766119889631,dlinear/variable_metrics.csv
benchmark_v1,dlinear,electricity,1 hour,100,100,2021,512,64,5197,0.1024163722894824,0.2162269476062785,dlinear/variable_metrics.csv
benchmark_v1,dlinear,electricity,1 hour,101,101,2021,512,64,5197,0.0864394036765112,0.19294432711675,dlinear/variable_metrics.csv
benchmark_v1,dlinear,electricity,1 hour,102,102,2021,512,64,5197,0.1055026440867837,0.2101514188411252,dlinear/variable_metrics.csv
benchmark_v1,dlinear,electricity,1 hour,103,103,2021,512,64,5197,0.1949888575239249,0.3211542461564701,dlinear/variable_metrics.csv
benchmark_v1,dlinear,electricity,1 hour,104,104,2021,512,64,5197,0.1765135550396931,0.2586842398809856,dlinear/variable_metrics.csv
benchmark_v1,dlinear,electricity,1 hour,105,105,2021,512,64,5197,0.2556838456392762,0.3191510659733614,dlinear/variable_metrics.csv
benchmark_v1,dlinear,electricity,1 hour,106,106,2021,512,64,5197,0.4419739942136004,0.415400885217303,dlinear/variable_metrics.csv
benchmark_v1,dlinear,electricity,1 hour,107,107,2021,512,64,5197,0.2085244293504694,0.289257907727096,dlinear/variable_metrics.csv
benchmark_v1,dlinear,electricity,1 hour,108,108,2021,512,64,5197,0.075036469600554,0.1886900496558285,dlinear/variable_metrics.csv
benchmark_v1,dlinear,electricity,1 hour,109,109,2021,512,64,5197,0.0922336019849491,0.1803341112102696,dlinear/variable_metrics.csv
benchmark_v1,dlinear,electricity,1 hour,110,110,2021,512,64,5197,0.0992141149110313,0.2170497512897822,dlinear/variable_metrics.csv
benchmark_v1,dlinear,electricity,1 hour,111,111,2021,512,64,5197,0.1807252915779446,0.3176243069485859,dlinear/variable_metrics.csv
benchmark_v1,dlinear,electricity,1 hour,112,112,2021,512,64,5197,0.1137330920212717,0.2520386531717314,dlinear/variable_metrics.csv
benchmark_v1,dlinear,electricity,1 hour,113,113,2021,512,64,5197,0.6742203786802035,0.494337984016165,dlinear/variable_metrics.csv
benchmark_v1,dlinear,electricity,1 hour,114,114,2021,512,64,5197,0.1344133419702392,0.1956838329879936,dlinear/variable_metrics.csv
benchmark_v1,dlinear,electricity,1 hour,115,115,2021,512,64,5197,0.0952695136476439,0.1834668621310682,dlinear/variable_metrics.csv
benchmark_v1,dlinear,electricity,1 hour,116,116,2021,512,64,5197,0.1921732826809128,0.2927178422962499,dlinear/variable_metrics.csv
benchmark_v1,dlinear,electricity,1 hour,117,117,2021,512,64,5197,0.2280841600266821,0.3369684396795195,dlinear/variable_metrics.csv
benchmark_v1,dlinear,electricity,1 hour,118,118,2021,512,64,5197,0.1401442701443137,0.2058073974676857,dlinear/variable_metrics.csv
benchmark_v1,dlinear,electricity,1 hour,119,119,2021,512,64,5197,0.1057168890090838,0.2091134639552307,dlinear/variable_metrics.csv
benchmark_v1,dlinear,electricity,1 hour,120,120,2021,512,64,5197,0.1590284134611061,0.270163837492788,dlinear/variable_metrics.csv
benchmark_v1,dlinear,electricity,1 hour,121,121,2021,512,64,5197,0.4482423842905792,0.5102898144653768,dlinear/variable_metrics.csv
benchmark_v1,dlinear,electricity,1 hour,122,122,2021,512,64,5197,0.1653556635112764,0.2494160507594564,dlinear/variable_metrics.csv
benchmark_v1,dlinear,electricity,1 hour,123,123,2021,512,64,5197,0.1256475820598507,0.2135250669856306,dlinear/variable_metrics.csv
benchmark_v1,dlinear,electricity,1 hour,124,124,2021,512,64,5197,0.0398570210087758,0.1410701098790669,dlinear/variable_metrics.csv
benchmark_v1,dlinear,electricity,1 hour,125,125,2021,512,64,5197,0.2732911778193819,0.3931250240124004,dlinear/variable_metrics.csv
benchmark_v1,dlinear,electricity,1 hour,126,126,2021,512,64,5197,0.1732381498945773,0.2782418160391642,dlinear/variable_metrics.csv
benchmark_v1,dlinear,electricity,1 hour,127,127,2021,512,64,5197,0.2240340435325299,0.3655959256337465,dlinear/variable_metrics.csv
benchmark_v1,dlinear,electricity,1 hour,128,128,2021,512,64,5197,0.3263196914888568,0.4174199198376637,dlinear/variable_metrics.csv
benchmark_v1,dlinear,electricity,1 hour,129,129,2021,512,64,5197,0.124061149061607,0.2623395943585613,dlinear/variable_metrics.csv
benchmark_v1,dlinear,electricity,1 hour,130,130,2021,512,64,5197,0.2553565655011901,0.3604182233427195,dlinear/variable_metrics.csv
benchmark_v1,dlinear,electricity,1 hour,131,131,2021,512,64,5197,0.1080082825342614,0.234834879709732,dlinear/variable_metrics.csv
benchmark_v1,dlinear,electricity,1 hour,132,132,2021,512,64,5197,0.1284420188125009,0.2550862136139665,dlinear/variable_metrics.csv
benchmark_v1,dlinear,electricity,1 hour,133,133,2021,512,64,5197,0.3120601592753192,0.4021317415268549,dlinear/variable_metrics.csv
benchmark_v1,dlinear,electricity,1 hour,134,134,2021,512,64,5197,0.1164378338681385,0.2305735653852453,dlinear/variable_metrics.csv
benchmark_v1,dlinear,electricity,1 hour,135,135,2021,512,64,5197,0.055419646174476,0.1620111011548652,dlinear/variable_metrics.csv
benchmark_v1,dlinear,electricity,1 hour,136,136,2021,512,64,5197,0.0513131567714373,0.1614045785283414,dlinear/variable_metrics.csv
benchmark_v1,dlinear,electricity,1 hour,137,137,2021,512,64,5197,0.0754193074554327,0.1963531691363383,dlinear/variable_metrics.csv
benchmark_v1,dlinear,electricity,1 hour,138,138,2021,512,64,5197,0.0668004197689141,0.1795650036782538,dlinear/variable_metrics.csv
benchmark_v1,dlinear,electricity,1 hour,139,139,2021,512,64,5197,0.0852710934299594,0.1952173930460438,dlinear/variable_metrics.csv
benchmark_v1,dlinear,electricity,1 hour,140,140,2021,512,64,5197,0.1961449365884059,0.275647182288346,dlinear/variable_metrics.csv
benchmark_v1,dlinear,electricity,1 hour,141,141,2021,512,64,5197,0.0991992587162375,0.1910409110848454,dlinear/variable_metrics.csv
benchmark_v1,dlinear,electricity,1 hour,142,142,2021,512,64,5197,0.0666665402856171,0.1820335308474127,dlinear/variable_metrics.csv
benchmark_v1,dlinear,electricity,1 hour,143,143,2021,512,64,5197,0.2875955884528496,0.3873331735274899,dlinear/variable_metrics.csv
benchmark_v1,dlinear,electricity,1 hour,144,144,2021,512,64,5197,0.0797853963001743,0.2012179639072103,dlinear/variable_metrics.csv
benchmark_v1,dlinear,electricity,1 hour,145,145,2021,512,64,5197,0.0600366326426912,0.1726191019550059,dlinear/variable_metrics.csv
benchmark_v1,dlinear,electricity,1 hour,146,146,2021,512,64,5197,0.0380494661165204,0.1418133508656095,dlinear/variable_metrics.csv
benchmark_v1,dlinear,electricity,1 hour,147,147,2021,512,64,5197,0.1330966480040478,0.2014184815309595,dlinear/variable_metrics.csv
benchmark_v1,dlinear,electricity,1 hour,148,148,2021,512,64,5197,0.0948887824263598,0.2093069697149566,dlinear/variable_metrics.csv
benchmark_v1,dlinear,electricity,1 hour,149,149,2021,512,64,5197,0.0977903746584265,0.2176737206925904,dlinear/variable_metrics.csv
benchmark_v1,dlinear,electricity,1 hour,150,150,2021,512,64,5197,0.0803108801523825,0.180927951034096,dlinear/variable_metrics.csv
benchmark_v1,dlinear,electricity,1 hour,151,151,2021,512,64,5197,0.0984581435209607,0.2169267309024123,dlinear/variable_metrics.csv
benchmark_v1,dlinear,electricity,1 hour,152,152,2021,512,64,5197,0.0916350276782798,0.2073102487591522,dlinear/variable_metrics.csv
benchmark_v1,dlinear,electricity,1 hour,153,153,2021,512,64,5197,0.0940448682093925,0.2196460939565579,dlinear/variable_metrics.csv
benchmark_v1,dlinear,electricity,1 hour,154,154,2021,512,64,5197,0.1188340946901179,0.2344472714310107,dlinear/variable_metrics.csv
benchmark_v1,dlinear,electricity,1 hour,155,155,2021,512,64,5197,0.1051734320480077,0.2103014429205103,dlinear/variable_metrics.csv
benchmark_v1,dlinear,electricity,1 hour,156,156,2021,512,64,5197,0.0969814769836727,0.2236003164091833,dlinear/variable_metrics.csv
benchmark_v1,dlinear,electricity,1 hour,157,157,2021,512,64,5197,0.1637490312675992,0.2717623197459199,dlinear/variable_metrics.csv
benchmark_v1,dlinear,electricity,1 hour,158,158,2021,512,64,5197,0.0850279466811999,0.1879614020504136,dlinear/variable_metrics.csv
benchmark_v1,dlinear,electricity,1 hour,159,159,2021,512,64,5197,0.0532182683920163,0.1571042161122104,dlinear/variable_metrics.csv
benchmark_v1,dlinear,electricity,1 hour,160,160,2021,512,64,5197,0.1102485770086926,0.218532721296606,dlinear/variable_metrics.csv
benchmark_v1,dlinear,electricity,1 hour,161,161,2021,512,64,5197,0.0760328527817493,0.1772403203332822,dlinear/variable_metrics.csv
benchmark_v1,dlinear,electricity,1 hour,162,162,2021,512,64,5197,0.0997118976368879,0.1861022396068173,dlinear/variable_metrics.csv
benchmark_v1,dlinear,electricity,1 hour,163,163,2021,512,64,5197,0.0884116270544311,0.2106583617513363,dlinear/variable_metrics.csv
benchmark_v1,dlinear,electricity,1 hour,164,164,2021,512,64,5197,0.1048457906325554,0.1708912864438206,dlinear/variable_metrics.csv
benchmark_v1,dlinear,electricity,1 hour,165,165,2021,512,64,5197,0.0922273262139747,0.21223337788273,dlinear/variable_metrics.csv
benchmark_v1,dlinear,electricity,1 hour,166,166,2021,512,64,5197,0.1221094883941736,0.2403809990455155,dlinear/variable_metrics.csv
benchmark_v1,dlinear,electricity,1 hour,167,167,2021,512,64,5197,0.0914459734560473,0.2003080890767468,dlinear/variable_metrics.csv
benchmark_v1,dlinear,electricity,1 hour,168,168,2021,512,64,5197,0.0814092025253679,0.2098020683014431,dlinear/variable_metrics.csv
benchmark_v1,dlinear,electricity,1 hour,169,169,2021,512,64,5197,0.0717373343666576,0.1684033832295544,dlinear/variable_metrics.csv
benchmark_v1,dlinear,electricity,1 hour,170,170,2021,512,64,5197,0.0863706467718394,0.1952354059790308,dlinear/variable_metrics.csv
benchmark_v1,dlinear,electricity,1 hour,171,171,2021,512,64,5197,0.0475324834928241,0.1447501863491745,dlinear/variable_metrics.csv
benchmark_v1,dlinear,electricity,1 hour,172,172,2021,512,64,5197,0.0864072693547622,0.201163039424576,dlinear/variable_metrics.csv
benchmark_v1,dlinear,electricity,1 hour,173,173,2021,512,64,5197,0.0946285100970949,0.1892740031557606,dlinear/variable_metrics.csv
benchmark_v1,dlinear,electricity,1 hour,174,174,2021,512,64,5197,0.0535660004168563,0.1462363282656836,dlinear/variable_metrics.csv
benchmark_v1,dlinear,electricity,1 hour,175,175,2021,512,64,5197,0.0343205220861743,0.1189919967284993,dlinear/variable_metrics.csv
benchmark_v1,dlinear,electricity,1 hour,176,176,2021,512,64,5197,0.0613910418856555,0.1609082474399223,dlinear/variable_metrics.csv
benchmark_v1,dlinear,electricity,1 hour,177,177,2021,512,64,5197,0.071391394304601,0.1811804355806749,dlinear/variable_metrics.csv
benchmark_v1,dlinear,electricity,1 hour,178,178,2021,512,64,5197,0.0996422227866173,0.2080756288379892,dlinear/variable_metrics.csv
benchmark_v1,dlinear,electricity,1 hour,179,179,2021,512,64,5197,0.0992626915087396,0.1906329455584723,dlinear/variable_metrics.csv
benchmark_v1,dlinear,electricity,1 hour,180,180,2021,512,64,5197,0.0667278158289619,0.1718900860424942,dlinear/variable_metrics.csv
benchmark_v1,dlinear,electricity,1 hour,181,181,2021,512,64,5197,0.0496730263598461,0.1493007787048474,dlinear/variable_metrics.csv
benchmark_v1,dlinear,electricity,1 hour,182,182,2021,512,64,5197,0.0017263112908463,0.038659693673253,dlinear/variable_metrics.csv
benchmark_v1,dlinear,electricity,1 hour,183,183,2021,512,64,5197,0.0340685862124906,0.1274939865598389,dlinear/variable_metrics.csv
benchmark_v1,dlinear,electricity,1 hour,184,184,2021,512,64,5197,0.1434890921688499,0.2782093532874952,dlinear/variable_metrics.csv
benchmark_v1,dlinear,electricity,1 hour,185,185,2021,512,64,5197,0.0477117940887359,0.137442612313981,dlinear/variable_metrics.csv
benchmark_v1,dlinear,electricity,1 hour,186,186,2021,512,64,5197,0.0476095415440084,0.1527210247546121,dlinear/variable_metrics.csv
benchmark_v1,dlinear,electricity,1 hour,187,187,2021,512,64,5197,0.0960543995438594,0.1389099866395549,dlinear/variable_metrics.csv
benchmark_v1,dlinear,electricity,1 hour,188,188,2021,512,64,5197,0.1700296312259842,0.2794983116566112,dlinear/variable_metrics.csv
benchmark_v1,dlinear,electricity,1 hour,189,189,2021,512,64,5197,0.0947448864841374,0.1890673976235592,dlinear/variable_metrics.csv
benchmark_v1,dlinear,electricity,1 hour,190,190,2021,512,64,5197,0.0482281881044135,0.1500661630679824,dlinear/variable_metrics.csv
benchmark_v1,dlinear,electricity,1 hour,191,191,2021,512,64,5197,0.0373534215352994,0.12983765934703,dlinear/variable_metrics.csv
benchmark_v1,dlinear,electricity,1 hour,192,192,2021,512,64,5197,0.0979823385393002,0.2114653556363902,dlinear/variable_metrics.csv
benchmark_v1,dlinear,electricity,1 hour,193,193,2021,512,64,5197,0.0892861283935518,0.1822995474397244,dlinear/variable_metrics.csv
benchmark_v1,dlinear,electricity,1 hour,194,194,2021,512,64,5197,0.1273303291149612,0.1955989253439167,dlinear/variable_metrics.csv
benchmark_v1,dlinear,electricity,1 hour,195,195,2021,512,64,5197,0.0722933010080258,0.1870680015966587,dlinear/variable_metrics.csv
benchmark_v1,dlinear,electricity,1 hour,196,196,2021,512,64,5197,0.1320030585359431,0.2532308715268438,dlinear/variable_metrics.csv
benchmark_v1,dlinear,electricity,1 hour,197,197,2021,512,64,5197,0.0862348128295574,0.2139001687066972,dlinear/variable_metrics.csv
benchmark_v1,dlinear,electricity,1 hour,198,198,2021,512,64,5197,0.0815566307375962,0.1923218742590579,dlinear/variable_metrics.csv
benchmark_v1,dlinear,electricity,1 hour,199,199,2021,512,64,5197,0.0973242708767773,0.2150086675697017,dlinear/variable_metrics.csv
benchmark_v1,dlinear,electricity,1 hour,200,200,2021,512,64,5197,0.1136174308621452,0.2102599801040502,dlinear/variable_metrics.csv
benchmark_v1,dlinear,electricity,1 hour,201,201,2021,512,64,5197,0.0648833443882543,0.1756646823154863,dlinear/variable_metrics.csv
benchmark_v1,dlinear,electricity,1 hour,202,202,2021,512,64,5197,0.073164515295503,0.184305827275854,dlinear/variable_metrics.csv
benchmark_v1,dlinear,electricity,1 hour,203,203,2021,512,64,5197,0.1044933960336426,0.2212183425459926,dlinear/variable_metrics.csv
benchmark_v1,dlinear,electricity,1 hour,204,204,2021,512,64,5197,0.1326280847964141,0.2020719763621191,dlinear/variable_metrics.csv
benchmark_v1,dlinear,electricity,1 hour,205,205,2021,512,64,5197,0.0979138633094226,0.1938853114930247,dlinear/variable_metrics.csv
benchmark_v1,dlinear,electricity,1 hour,206,206,2021,512,64,5197,0.0435244109054124,0.1375486221025854,dlinear/variable_metrics.csv
benchmark_v1,dlinear,electricity,1 hour,207,207,2021,512,64,5197,0.0784377904067099,0.1901603302180441,dlinear/variable_metrics.csv
benchmark_v1,dlinear,electricity,1 hour,208,208,2021,512,64,5197,0.0456755322578161,0.1460755203647413,dlinear/variable_metrics.csv
benchmark_v1,dlinear,electricity,1 hour,209,209,2021,512,64,5197,0.0673710594008077,0.1752235022653795,dlinear/variable_metrics.csv
benchmark_v1,dlinear,electricity,1 hour,210,210,2021,512,64,5197,0.0720647108215939,0.1713412789423079,dlinear/variable_metrics.csv
benchmark_v1,dlinear,electricity,1 hour,211,211,2021,512,64,5197,0.0870035436026349,0.1802468657818503,dlinear/variable_metrics.csv
benchmark_v1,dlinear,electricity,1 hour,212,212,2021,512,64,5197,0.0545349570891804,0.1576274497407918,dlinear/variable_metrics.csv
benchmark_v1,dlinear,electricity,1 hour,213,213,2021,512,64,5197,0.0493192386456401,0.1475647330826237,dlinear/variable_metrics.csv
benchmark_v1,dlinear,electricity,1 hour,214,214,2021,512,64,5197,0.0541067649956417,0.1687218659418937,dlinear/variable_metrics.csv
benchmark_v1,dlinear,electricity,1 hour,215,215,2021,512,64,5197,0.0659774925154631,0.174048411043834,dlinear/variable_metrics.csv
benchmark_v1,dlinear,electricity,1 hour,216,216,2021,512,64,5197,0.1047561625245448,0.2272734666230922,dlinear/variable_metrics.csv
benchmark_v1,dlinear,electricity,1 hour,217,217,2021,512,64,5197,0.0445055249053337,0.1410322180889113,dlinear/variable_metrics.csv
benchmark_v1,dlinear,electricity,1 hour,218,218,2021,512,64,5197,0.090122633274483,0.1993742585076368,dlinear/variable_metrics.csv
benchmark_v1,dlinear,electricity,1 hour,219,219,2021,512,64,5197,0.0816468055015682,0.1967354330649621,dlinear/variable_metrics.csv
benchmark_v1,dlinear,electricity,1 hour,220,220,2021,512,64,5197,0.0789165580748015,0.1880491027750349,dlinear/variable_metrics.csv
benchmark_v1,dlinear,electricity,1 hour,221,221,2021,512,64,5197,0.089689686462084,0.202225027335007,dlinear/variable_metrics.csv
benchmark_v1,dlinear,electricity,1 hour,222,222,2021,512,64,5197,0.069269037888191,0.1943609542359025,dlinear/variable_metrics.csv
benchmark_v1,dlinear,electricity,1 hour,223,223,2021,512,64,5197,0.0824924771430029,0.2119625492917087,dlinear/variable_metrics.csv
benchmark_v1,dlinear,electricity,1 hour,224,224,2021,512,64,5197,0.0654419960157481,0.1526130486196155,dlinear/variable_metrics.csv
benchmark_v1,dlinear,electricity,1 hour,225,225,2021,512,64,5197,0.0746167774509089,0.1674883146754352,dlinear/variable_metrics.csv
benchmark_v1,dlinear,electricity,1 hour,226,226,2021,512,64,5197,0.0696933257982229,0.1852447697589082,dlinear/variable_metrics.csv
benchmark_v1,dlinear,electricity,1 hour,227,227,2021,512,64,5197,0.0554183264629832,0.1561107427198622,dlinear/variable_metrics.csv
benchmark_v1,dlinear,electricity,1 hour,228,228,2021,512,64,5197,0.0559070612600911,0.1635282270830567,dlinear/variable_metrics.csv
benchmark_v1,dlinear,electricity,1 hour,229,229,2021,512,64,5197,0.0945678505467466,0.2043085643323286,dlinear/variable_metrics.csv
benchmark_v1,dlinear,electricity,1 hour,230,230,2021,512,64,5197,0.08956041903353,0.1891964735496349,dlinear/variable_metrics.csv
benchmark_v1,dlinear,electricity,1 hour,231,231,2021,512,64,5197,0.0796534609249185,0.1996501088621303,dlinear/variable_metrics.csv
benchmark_v1,dlinear,electricity,1 hour,232,232,2021,512,64,5197,0.0936896390279963,0.196230614818186,dlinear/variable_metrics.csv
benchmark_v1,dlinear,electricity,1 hour,233,233,2021,512,64,5197,0.0539403381860716,0.1651320114709567,dlinear/variable_metrics.csv
benchmark_v1,dlinear,electricity,1 hour,234,234,2021,512,64,5197,0.0436755804298909,0.1518784070725621,dlinear/variable_metrics.csv
benchmark_v1,dlinear,electricity,1 hour,235,235,2021,512,64,5197,0.0570110071107417,0.1636180052336034,dlinear/variable_metrics.csv
benchmark_v1,dlinear,electricity,1 hour,236,236,2021,512,64,5197,0.1221562044559064,0.1915898597204438,dlinear/variable_metrics.csv
benchmark_v1,dlinear,electricity,1 hour,237,237,2021,512,64,5197,0.071112996685141,0.1681547297883402,dlinear/variable_metrics.csv
benchmark_v1,dlinear,electricity,1 hour,238,238,2021,512,64,5197,0.0558156546685991,0.1702098218313396,dlinear/variable_metrics.csv
benchmark_v1,dlinear,electricity,1 hour,239,239,2021,512,64,5197,0.0994207753262927,0.1633160193998584,dlinear/variable_metrics.csv
benchmark_v1,dlinear,electricity,1 hour,240,240,2021,512,64,5197,0.0636161580439795,0.1777524496271053,dlinear/variable_metrics.csv
benchmark_v1,dlinear,electricity,1 hour,241,241,2021,512,64,5197,0.0666053599228319,0.1811469917534585,dlinear/variable_metrics.csv
benchmark_v1,dlinear,electricity,1 hour,242,242,2021,512,64,5197,0.0437887171528351,0.1388528811752312,dlinear/variable_metrics.csv
benchmark_v1,dlinear,electricity,1 hour,243,243,2021,512,64,5197,0.0752349747398654,0.1835274139975637,dlinear/variable_metrics.csv
benchmark_v1,dlinear,electricity,1 hour,244,244,2021,512,64,5197,0.0457676682203277,0.1419539198346774,dlinear/variable_metrics.csv
benchmark_v1,dlinear,electricity,1 hour,245,245,2021,512,64,5197,0.4990777597600373,0.4117817437580154,dlinear/variable_metrics.csv
benchmark_v1,dlinear,electricity,1 hour,246,246,2021,512,64,5197,0.0681736034864076,0.185046288628082,dlinear/variable_metrics.csv
benchmark_v1,dlinear,electricity,1 hour,247,247,2021,512,64,5197,0.0874988486399462,0.1961889555007885,dlinear/variable_metrics.csv
benchmark_v1,dlinear,electricity,1 hour,248,248,2021,512,64,5197,0.1273723308476556,0.2365907290996359,dlinear/variable_metrics.csv
benchmark_v1,dlinear,electricity,1 hour,249,249,2021,512,64,5197,0.0606719760173313,0.169600866754003,dlinear/variable_metrics.csv
benchmark_v1,dlinear,electricity,1 hour,250,250,2021,512,64,5197,0.0736094915143951,0.1790169590357637,dlinear/variable_metrics.csv
benchmark_v1,dlinear,electricity,1 hour,251,251,2021,512,64,5197,0.101877397310839,0.2281156761653391,dlinear/variable_metrics.csv
benchmark_v1,dlinear,electricity,1 hour,252,252,2021,512,64,5197,0.0669010164128508,0.1817930501604953,dlinear/variable_metrics.csv
benchmark_v1,dlinear,electricity,1 hour,253,253,2021,512,64,5197,0.1274575520567169,0.2359032292573498,dlinear/variable_metrics.csv
benchmark_v1,dlinear,electricity,1 hour,254,254,2021,512,64,5197,0.0576764981402965,0.1649333110650545,dlinear/variable_metrics.csv
benchmark_v1,dlinear,electricity,1 hour,255,255,2021,512,64,5197,0.1550647572190303,0.2574324363545923,dlinear/variable_metrics.csv
benchmark_v1,dlinear,electricity,1 hour,256,256,2021,512,64,5197,0.0879261845677573,0.1990093455527694,dlinear/variable_metrics.csv
benchmark_v1,dlinear,electricity,1 hour,257,257,2021,512,64,5197,0.0625717523332473,0.1716936862885477,dlinear/variable_metrics.csv
benchmark_v1,dlinear,electricity,1 hour,258,258,2021,512,64,5197,0.0613068331821846,0.1641789956266579,dlinear/variable_metrics.csv
benchmark_v1,dlinear,electricity,1 hour,259,259,2021,512,64,5197,0.076299451540056,0.1947056148475857,dlinear/variable_metrics.csv
benchmark_v1,dlinear,electricity,1 hour,260,260,2021,512,64,5197,0.087715283444996,0.1988378984973638,dlinear/variable_metrics.csv
benchmark_v1,dlinear,electricity,1 hour,261,261,2021,512,64,5197,0.0773788697981045,0.1863064746297694,dlinear/variable_metrics.csv
benchmark_v1,dlinear,electricity,1 hour,262,262,2021,512,64,5197,0.0507945630562512,0.1554542107103021,dlinear/variable_metrics.csv
benchmark_v1,dlinear,electricity,1 hour,263,263,2021,512,64,5197,0.0946450538886553,0.2248229234651929,dlinear/variable_metrics.csv
benchmark_v1,dlinear,electricity,1 hour,264,264,2021,512,64,5197,0.076198003803832,0.1881132639309181,dlinear/variable_metrics.csv
benchmark_v1,dlinear,electricity,1 hour,265,265,2021,512,64,5197,0.0938471206843212,0.2159849676177316,dlinear/variable_metrics.csv
benchmark_v1,dlinear,electricity,1 hour,266,266,2021,512,64,5197,0.0787573431083002,0.188363933737018,dlinear/variable_metrics.csv
benchmark_v1,dlinear,electricity,1 hour,267,267,2021,512,64,5197,0.0928315795470772,0.1732379191727443,dlinear/variable_metrics.csv
benchmark_v1,dlinear,electricity,1 hour,268,268,2021,512,64,5197,0.097777949292506,0.2192659454564661,dlinear/variable_metrics.csv
benchmark_v1,dlinear,electricity,1 hour,269,269,2021,512,64,5197,0.0441277648120692,0.1330247501173702,dlinear/variable_metrics.csv
benchmark_v1,dlinear,electricity,1 hour,270,270,2021,512,64,5197,0.0503327730123017,0.1553776642453128,dlinear/variable_metrics.csv
benchmark_v1,dlinear,electricity,1 hour,271,271,2021,512,64,5197,0.0513183417520046,0.1509672478679318,dlinear/variable_metrics.csv
benchmark_v1,dlinear,electricity,1 hour,272,272,2021,512,64,5197,0.0675523854404128,0.1730048249591047,dlinear/variable_metrics.csv
benchmark_v1,dlinear,electricity,1 hour,273,273,2021,512,64,5197,0.0481625618592824,0.1517450666873872,dlinear/variable_metrics.csv
benchmark_v1,dlinear,electricity,1 hour,274,274,2021,512,64,5197,0.1010581926935137,0.215452541194914,dlinear/variable_metrics.csv
benchmark_v1,dlinear,electricity,1 hour,275,275,2021,512,64,5197,0.1082753277471811,0.2100800130288654,dlinear/variable_metrics.csv
benchmark_v1,dlinear,electricity,1 hour,276,276,2021,512,64,5197,0.1083209567105421,0.2180573320554977,dlinear/variable_metrics.csv
benchmark_v1,dlinear,electricity,1 hour,277,277,2021,512,64,5197,0.0893898683348848,0.2171014899705503,dlinear/variable_metrics.csv
benchmark_v1,dlinear,electricity,1 hour,278,278,2021,512,64,5197,0.0542604846725692,0.165399673182904,dlinear/variable_metrics.csv
benchmark_v1,dlinear,electricity,1 hour,279,279,2021,512,64,5197,0.0666183196198181,0.1748862549334305,dlinear/variable_metrics.csv
benchmark_v1,dlinear,electricity,1 hour,280,280,2021,512,64,5197,0.0914665058862981,0.2002440966156591,dlinear/variable_metrics.csv
benchmark_v1,dlinear,electricity,1 hour,281,281,2021,512,64,5197,0.0770162292892113,0.1851129422591883,dlinear/variable_metrics.csv
benchmark_v1,dlinear,electricity,1 hour,282,282,2021,512,64,5197,0.0538364701184315,0.1666124214195014,dlinear/variable_metrics.csv
benchmark_v1,dlinear,electricity,1 hour,283,283,2021,512,64,5197,0.068545761622356,0.1649320456830579,dlinear/variable_metrics.csv
benchmark_v1,dlinear,electricity,1 hour,284,284,2021,512,64,5197,0.0918246976619888,0.2186703514239564,dlinear/variable_metrics.csv
benchmark_v1,dlinear,electricity,1 hour,285,285,2021,512,64,5197,0.1045053096130988,0.1847313668727279,dlinear/variable_metrics.csv
benchmark_v1,dlinear,electricity,1 hour,286,286,2021,512,64,5197,0.1036138823321046,0.1828767518521533,dlinear/variable_metrics.csv
benchmark_v1,dlinear,electricity,1 hour,287,287,2021,512,64,5197,0.3097652431521864,0.3263746467553952,dlinear/variable_metrics.csv
benchmark_v1,dlinear,electricity,1 hour,288,288,2021,512,64,5197,0.2477620959398118,0.3060906681897465,dlinear/variable_metrics.csv
benchmark_v1,dlinear,electricity,1 hour,289,289,2021,512,64,5197,0.1205615708373381,0.2061090870576944,dlinear/variable_metrics.csv
benchmark_v1,dlinear,electricity,1 hour,290,290,2021,512,64,5197,0.0727866135548128,0.1742357997013059,dlinear/variable_metrics.csv
benchmark_v1,dlinear,electricity,1 hour,291,291,2021,512,64,5197,0.0549462943905313,0.1434478344894375,dlinear/variable_metrics.csv
benchmark_v1,dlinear,electricity,1 hour,292,292,2021,512,64,5197,0.0287054200470993,0.1074727530188584,dlinear/variable_metrics.csv
benchmark_v1,dlinear,electricity,1 hour,293,293,2021,512,64,5197,0.0666331250286134,0.1699510679057,dlinear/variable_metrics.csv
benchmark_v1,dlinear,electricity,1 hour,294,294,2021,512,64,5197,0.0645613868589146,0.1532838555910512,dlinear/variable_metrics.csv
benchmark_v1,dlinear,electricity,1 hour,295,295,2021,512,64,5197,0.1245311508902534,0.2274838591515146,dlinear/variable_metrics.csv
benchmark_v1,dlinear,electricity,1 hour,296,296,2021,512,64,5197,0.0387488089117937,0.1209914921692146,dlinear/variable_metrics.csv
benchmark_v1,dlinear,electricity,1 hour,297,297,2021,512,64,5197,0.0815052942396,0.1651126741696981,dlinear/variable_metrics.csv
benchmark_v1,dlinear,electricity,1 hour,298,298,2021,512,64,5197,0.3510362502295903,0.3145653897809874,dlinear/variable_metrics.csv
benchmark_v1,dlinear,electricity,1 hour,299,299,2021,512,64,5197,0.1208865031116,0.226111323493205,dlinear/variable_metrics.csv
benchmark_v1,dlinear,electricity,1 hour,300,300,2021,512,64,5197,0.097970834074028,0.2038317942413526,dlinear/variable_metrics.csv
benchmark_v1,dlinear,electricity,1 hour,301,301,2021,512,64,5197,0.0439837060173498,0.12716864617453,dlinear/variable_metrics.csv
benchmark_v1,dlinear,electricity,1 hour,302,302,2021,512,64,5197,0.1044580673638621,0.1911656671815421,dlinear/variable_metrics.csv
benchmark_v1,dlinear,electricity,1 hour,303,303,2021,512,64,5197,0.2351169997844734,0.2994074315847239,dlinear/variable_metrics.csv
benchmark_v1,dlinear,electricity,1 hour,304,304,2021,512,64,5197,0.0422035040099396,0.1298278173769008,dlinear/variable_metrics.csv
benchmark_v1,dlinear,electricity,1 hour,305,305,2021,512,64,5197,0.1548778034229244,0.2529191910343398,dlinear/variable_metrics.csv
benchmark_v1,dlinear,electricity,1 hour,306,306,2021,512,64,5197,0.0303143111806922,0.1049563678203172,dlinear/variable_metrics.csv
benchmark_v1,dlinear,electricity,1 hour,307,307,2021,512,64,5197,0.183895355871481,0.2153800415143975,dlinear/variable_metrics.csv
benchmark_v1,dlinear,electricity,1 hour,308,308,2021,512,64,5197,0.0541788984854193,0.145062904268818,dlinear/variable_metrics.csv
benchmark_v1,dlinear,electricity,1 hour,309,309,2021,512,64,5197,0.1022877244461563,0.206215460410582,dlinear/variable_metrics.csv
benchmark_v1,dlinear,electricity,1 hour,310,310,2021,512,64,5197,0.03778483466314,0.1368612314459851,dlinear/variable_metrics.csv
benchmark_v1,dlinear,electricity,1 hour,311,311,2021,512,64,5197,0.06157392484527,0.1555853151420999,dlinear/variable_metrics.csv
benchmark_v1,dlinear,electricity,1 hour,312,312,2021,512,64,5197,0.052654383063948,0.1533144682768086,dlinear/variable_metrics.csv
benchmark_v1,dlinear,electricity,1 hour,313,313,2021,512,64,5197,0.0643886067190999,0.160767075410464,dlinear/variable_metrics.csv
benchmark_v1,dlinear,electricity,1 hour,314,314,2021,512,64,5197,0.0268416924472051,0.1004782239807647,dlinear/variable_metrics.csv
benchmark_v1,dlinear,electricity,1 hour,315,315,2021,512,64,5197,0.0422639627019213,0.1230838786489341,dlinear/variable_metrics.csv
benchmark_v1,dlinear,electricity,1 hour,316,316,2021,512,64,5197,0.1279249993837277,0.2452528151814137,dlinear/variable_metrics.csv
benchmark_v1,dlinear,electricity,1 hour,317,317,2021,512,64,5197,0.3255574730357925,0.4010323302029457,dlinear/variable_metrics.csv
benchmark_v1,dlinear,electricity,1 hour,318,318,2021,512,64,5197,0.1404085764620591,0.2746489730045574,dlinear/variable_metrics.csv
benchmark_v1,dlinear,electricity,1 hour,319,319,2021,512,64,5197,0.1281291645554224,0.2567498127076842,dlinear/variable_metrics.csv
benchmark_v1,dlinear,electricity,1 hour,320,OT,2021,512,64,5197,0.178402530674134,0.2917949844431272,dlinear/variable_metrics.csv
benchmark_v1,dlinear,exchange_rate,1 day,0,0,2021,512,64,1454,0.0850213198695954,0.2274670642181009,dlinear/variable_metrics.csv
benchmark_v1,dlinear,exchange_rate,1 day,1,1,2021,512,64,1454,0.0606186607601043,0.1769355779138039,dlinear/variable_metrics.csv
benchmark_v1,dlinear,exchange_rate,1 day,2,2,2021,512,64,1454,0.0479438389859572,0.1716153870561012,dlinear/variable_metrics.csv
benchmark_v1,dlinear,exchange_rate,1 day,3,3,2021,512,64,1454,0.0985225733199044,0.240603072798082,dlinear/variable_metrics.csv
benchmark_v1,dlinear,exchange_rate,1 day,4,4,2021,512,64,1454,0.013852134182188,0.0699575169177205,dlinear/variable_metrics.csv
benchmark_v1,dlinear,exchange_rate,1 day,5,5,2021,512,64,1454,0.1067188592358452,0.2413138648558139,dlinear/variable_metrics.csv
benchmark_v1,dlinear,exchange_rate,1 day,6,6,2021,512,64,1454,0.0682234890626593,0.2139902841799381,dlinear/variable_metrics.csv
benchmark_v1,dlinear,exchange_rate,1 day,7,OT,2021,512,64,1454,0.0739073429432071,0.2123018459660645,dlinear/variable_metrics.csv
